village_code,hhid,time,cash,income_pc,elder,hhsize
10106013,1,0,0,105.6322,0,3
10106013,1,1,0,554.4069,0,4
10106015,2,0,1,132.1215,0,2
10106015,2,1,1,446.1178,0,2
10106015,3,0,1,104.8145,0,5
10106015,3,1,1,56.23419,0,5
10106015,4,0,1,159.1184,0,4
10106015,4,1,1,84.93279,0,8
10106015,5,0,1,93.55496,1,3
10106015,5,1,1,469.061,1,2
10106019,6,0,0,73.10342,0,4
10106019,6,1,0,124.5575,0,3
10106019,7,0,0,19.43379,1,6
10106019,7,1,0,63.49036,1,3
10106019,8,0,0,37.72882,1,1
10106019,8,1,0,6.184125,1,1
10201011,9,0,0,998.8829,0,1
10201011,9,1,0,181.9843,0,1
10201011,10,0,0,32.27755,0,2
10201011,10,1,0,286.6838,0,5
10201011,11,0,0,53.04434,1,2
10201011,11,1,0,234.9968,1,1
10201011,12,0,0,141.0402,0,1
10201011,12,1,0,32.45429,0,1
10201012,13,0,1,73.67062,1,5
10201012,13,1,1,66.27532,1,3
10201012,14,0,1,52.29947,0,2
10201012,14,1,1,132.1177,0,1
10201013,15,0,1,49.75021,0,5
10201013,15,1,1,525.4189,0,6
10201013,16,0,1,102.3078,0,5
10201013,16,1,1,39.26007,0,5
10201013,17,0,1,148.0526,1,1
10201013,17,1,1,12.7393,1,1
10201014,18,0,0,75.22112,0,5
10201014,18,1,0,65.8251,0,4
10201014,19,0,0,124.4996,1,1
10201014,19,1,0,223.8653,1,1
10201014,20,0,0,16.3967,0,6
10201014,20,1,0,286.5227,0,1
10201014,21,0,0,430.836,1,1
10201014,21,1,0,71.73586,1,1
10201016,22,0,0,22.58894,0,7
10201016,22,1,0,394.542,0,7
10201016,23,0,0,44.12001,0,4
10201016,23,1,0,57.26069,0,10
10201016,24,0,0,286.2433,0,2
10201016,24,1,0,2603.248,0,1
10201016,25,0,0,74.95416,0,4
10201016,25,1,0,360.1635,0,1
10201018,26,0,0,254.6373,1,1
10201018,26,1,0,256.3224,1,1
10201018,27,0,0,214.4264,0,1
10201018,27,1,0,130.2484,0,5
10201018,28,0,0,37.64021,1,5
10201018,28,1,0,401.9682,1,4
10201020,29,0,1,64.636,0,6
10201020,29,1,1,316.4757,0,4
10201020,30,0,1,70.72518,0,3
10201020,30,1,1,1222.311,0,5
10201020,31,0,1,79.37861,0,3
10201020,31,1,1,35.95038,0,3
10201020,32,0,1,58.49138,0,9
10201020,32,1,1,10.21505,0,8
10202010,33,0,1,576.2003,1,3
10202010,33,1,1,374.2169,1,4
10202010,34,0,1,46.69257,0,7
10202010,34,1,1,264.3633,0,6
10202010,35,0,1,59.14183,1,3
10202010,35,1,1,273.8949,1,1
10202010,36,0,1,36.50769,0,4
10202010,36,1,1,479.6006,0,4
10202011,37,0,0,18.57804,1,9
10202011,37,1,0,27.56353,1,7
10202011,38,0,0,55.02029,1,2
10202011,38,1,0,49.15687,1,2
10202011,39,0,0,59.82099,1,5
10202011,39,1,0,60.10569,1,6
10202012,40,0,0,379.8867,0,1
10202012,40,1,0,943.6976,0,1
10202012,41,0,0,23.16979,0,5
10202012,41,1,0,171.1766,0,5
10202012,42,0,0,183.7844,0,1
10202012,42,1,0,159.1558,0,4
10202012,43,0,0,86.16448,1,1
10202012,43,1,0,96.44241,1,1
10202013,44,0,0,183.5544,1,1
10202013,44,1,0,254.2948,1,1
10202013,45,0,0,42.70966,0,1
10202013,45,1,0,492.2564,0,1
10202013,46,0,0,858.959,0,2
10202013,46,1,0,1913.369,0,2
10202013,47,0,0,61.54336,0,6
10202013,47,1,0,918.3412,0,5
10202014,48,0,0,174.1301,0,12
10202014,48,1,0,704.0215,0,12
10202014,49,0,0,36.82306,0,4
10202014,49,1,0,378.2042,0,5
10202014,50,0,0,94.14935,0,5
10202014,50,1,0,312.3867,0,7
10202014,51,0,0,91.84571,0,4
10202014,51,1,0,18.94124,0,6
10202016,52,0,0,305.9768,1,2
10202016,52,1,0,296.563,1,2
10202016,53,0,0,53.08428,0,5
10202016,53,1,0,696.4855,0,2
10202020,54,0,0,30.86516,0,7
10202020,54,1,0,38.71616,0,7
10202020,55,0,0,2625.668,0,1
10202020,55,1,0,449.0294,0,4
10202020,56,0,0,137.006,0,4
10202020,56,1,0,114.0971,0,4
10203010,57,0,1,30.74762,1,9
10203010,57,1,1,22.19843,1,5
10203011,58,0,0,436.7777,0,6
10203011,58,1,0,1.48419,0,5
10203011,59,0,0,329.3282,0,5
10203011,59,1,0,77.67687,0,5
10203011,60,0,0,162.451,0,5
10203011,60,1,0,582.4209,0,5
10203013,61,0,0,64.35507,1,4
10203013,61,1,0,118.6869,1,3
10203013,62,0,0,82.54379,0,7
10203013,62,1,0,88.96896,0,6
10203013,63,0,0,78.78688,0,5
10203013,63,1,0,632.265,0,5
10203013,64,0,0,17.77095,0,7
10203013,64,1,0,7.249921,0,5
10203015,65,0,0,37.2388,1,5
10203015,65,1,0,58.26299,1,4
10203015,66,0,0,35.60255,0,5
10203015,66,1,0,1607.996,0,4
10203015,67,0,0,133.7764,1,2
10203015,67,1,0,110.0774,1,2
10203015,68,0,0,60.18553,0,4
10203015,68,1,0,184.4518,0,3
10203018,69,0,1,87.91551,0,4
10203018,69,1,1,382.4402,0,5
10203018,70,0,1,711.9962,1,2
10203018,70,1,1,56.3077,1,2
10203019,71,0,1,68.97165,0,5
10203019,71,1,1,291.4677,0,5
10203019,72,0,1,37.70745,0,6
10203019,72,1,1,22.07608,0,6
10203020,73,0,1,120.0404,0,2
10203020,73,1,1,410.2838,0,3
10203020,74,0,1,68.24248,1,5
10203020,74,1,1,71.78595,1,8
10204010,75,0,0,71.21259,0,3
10204010,75,1,0,66.8504,0,4
10204010,76,0,0,54.99218,1,1
10204010,76,1,0,29.6838,1,1
10204010,77,0,0,18.60816,1,1
10204010,77,1,0,148.419,1,1
10204010,78,0,0,108.7172,1,1
10204010,78,1,0,77.30157,1,1
10204016,79,0,0,71.23712,1,5
10204016,79,1,0,50.70983,1,4
10204016,80,0,0,238.7791,0,8
10204016,80,1,0,1689.374,0,6
10204016,81,0,0,131.9388,0,2
10204016,81,1,0,128.6298,0,1
10204017,82,0,1,60.18884,0,5
10204017,82,1,1,352.412,0,4
10204017,83,0,1,66.72605,1,5
10204017,83,1,1,155.677,1,4
10204017,84,0,1,217.0884,0,5
10204017,84,1,1,454.4848,0,5
10204018,85,0,1,124.4776,1,1
10204018,85,1,1,5.095719,1,1
10204018,86,0,1,11.80664,1,3
10204018,86,1,1,258.0303,1,3
10204018,87,0,1,47.75156,0,4
10204018,87,1,1,126.8116,0,3
10204018,88,0,1,39.26038,0,5
10204018,88,1,1,62.39189,0,10
10301015,89,0,0,166.957,0,4
10301015,89,1,0,253.1369,0,3
10301015,90,0,0,152.487,0,3
10301015,90,1,0,2075.702,0,4
10301015,91,0,0,15.01098,0,10
10301015,91,1,0,39.77325,0,9
10301016,92,0,0,170.4626,0,6
10301016,92,1,0,146.4485,0,7
10301016,93,0,0,38.74456,0,4
10301016,93,1,0,91.19524,0,3
10301016,94,0,0,39.51424,1,6
10301016,94,1,0,33.88457,1,6
10301017,95,0,1,45.20277,0,8
10301017,95,1,1,254.5737,0,6
10301017,96,0,1,13.1366,0,5
10301017,96,1,1,922.7921,0,7
10301017,97,0,1,61.83181,0,3
10301017,97,1,1,50.91859,0,3
10301017,98,0,1,50.85962,0,4
10301017,98,1,1,452.5254,0,3
10301019,99,0,1,67.0293,0,4
10301019,99,1,1,76.64373,0,4
10301019,100,0,1,82.15226,1,2
10301019,100,1,1,95.54474,1,2
10301019,101,0,1,33.44046,1,5
10301019,101,1,1,22.29377,1,12
10301020,102,0,0,7.585317,1,2
10301020,102,1,0,748.2792,1,2
10301020,103,0,0,58.00163,1,4
10301020,103,1,0,104.4816,1,6
10302010,104,0,0,27.86705,0,6
10302010,104,1,0,148.0727,0,5
10302010,105,0,0,29.02306,0,6
10302010,105,1,0,1467.298,0,6
10302010,106,0,0,180.1335,0,4
10302010,106,1,0,.9894601,0,5
10302010,107,0,0,124.3965,1,3
10302010,107,1,0,28.44698,1,2
10302012,108,0,1,38.43092,0,7
10302012,108,1,1,180.6507,0,1
10302012,109,0,1,58.56572,1,6
10302012,109,1,1,29.05091,1,2
10302012,110,0,1,38.94543,0,8
10302012,110,1,1,114.7276,0,6
10302012,111,0,1,47.76717,0,3
10302012,111,1,1,314.5659,0,3
10302015,112,0,1,73.88974,1,3
10302015,112,1,1,45.22451,1,4
10302015,113,0,1,148.619,1,5
10302015,113,1,1,282.9665,1,3
10302015,114,0,1,75.03983,1,2
10302015,114,1,1,71.22131,1,2
20201012,115,0,0,33.36049,1,4
20201012,115,1,0,.4782391,1,3
20201012,116,0,0,92.2887,0,3
20201012,116,1,0,2387.295,0,3
20201012,117,0,0,55.60597,1,8
20201012,117,1,0,916.0347,1,6
20201014,118,0,1,8.741503,0,8
20201014,118,1,1,146.9547,0,6
20201014,119,0,1,135.6676,0,3
20201014,119,1,1,99.13319,0,3
20201014,120,0,1,350.082,1,1
20201014,120,1,1,177.6445,1,1
20201014,121,0,1,66.04677,0,4
20201014,121,1,1,167.5553,0,8
20201016,122,0,1,69.00358,1,6
20201016,122,1,1,13.58859,1,3
20201016,123,0,1,54.28283,1,2
20201016,123,1,1,454.793,1,2
20201016,124,0,1,63.11324,0,4
20201016,124,1,1,36.42169,0,5
20201016,125,0,1,48.09238,1,4
20201016,125,1,1,15.78014,1,5
20202010,126,0,1,165.7318,1,1
20202010,126,1,1,149.1276,1,1
20202010,127,0,1,42.70966,1,1
20202010,127,1,1,113.6394,1,1
20202010,128,0,1,170.31,0,3
20202010,128,1,1,407.8076,0,2
20202012,129,0,0,60.20758,0,2
20202012,129,1,0,145.5125,0,4
20202012,130,0,0,216.0916,1,1
20202012,130,1,0,153.3663,1,1
20202012,131,0,0,248.4482,0,1
20202012,131,1,0,1468.366,0,1
20202015,132,0,1,33.30091,0,6
20202015,132,1,1,21.91604,0,4
20202015,133,0,1,62.65331,1,4
20202015,133,1,1,.4117282,1,5
20202015,134,0,1,9.262208,0,3
20202015,134,1,1,132.7917,0,2
20202015,135,0,1,154.3097,0,6
20202015,135,1,1,1016.72,0,5
20203011,136,0,1,230.3075,0,1
20203011,136,1,1,117.2881,0,7
20203011,137,0,1,189.3924,0,2
20203011,137,1,1,137.305,0,2
20203011,138,0,1,98.99211,0,8
20203011,138,1,1,416.2381,0,8
20203013,139,0,0,191.1993,0,2
20203013,139,1,0,1591.204,0,3
20203013,140,0,0,28.88731,0,7
20203013,140,1,0,109.0064,0,6
20203014,141,0,1,65.79154,0,4
20203014,141,1,1,1350.569,0,4
20203014,142,0,1,29.30526,1,5
20203014,142,1,1,71.34007,1,4
20203014,143,0,1,54.11294,1,3
20203014,143,1,1,48.92836,1,3
20203021,144,0,1,38.07854,0,7
20203021,144,1,1,57.75092,0,4
20203021,145,0,1,28.57734,1,10
20203021,145,1,1,38.72548,1,6
20203021,146,0,1,1582.276,0,1
20203021,146,1,1,1949.41,0,1
20203021,147,0,1,46.67687,1,4
20203021,147,1,1,4.396717,1,6
20203024,148,0,0,32.19907,1,1
20203024,148,1,0,17.31555,1,3
20203024,149,0,0,59.75648,0,5
20203024,149,1,0,55.9045,0,5
20204012,150,0,0,72.66615,0,5
20204012,150,1,0,304.7537,0,3
20204012,151,0,0,25.31673,0,9
20204012,151,1,0,45.71306,0,5
20204012,152,0,0,65.3021,0,6
20204012,152,1,0,318.0702,0,6
20204016,153,0,1,37.15254,0,6
20204016,153,1,1,34.16363,0,3
20204016,154,0,1,54.26334,1,6
20204016,154,1,1,86.62724,1,2
20204016,155,0,1,59.19283,0,8
20204016,155,1,1,123.5751,0,8
20205013,156,0,0,48.7205,1,1
20205013,156,1,0,53.18348,1,4
20205013,157,0,0,54.75037,0,9
20205013,157,1,0,836.0526,0,6
20205013,158,0,0,37.49739,0,5
20205013,158,1,0,387.1626,0,7
20206017,159,0,1,117.0905,0,2
20206017,159,1,1,241.2482,0,2
20206017,160,0,1,29.16666,0,6
20206017,160,1,1,186.3234,0,6
20207016,161,0,1,41.4523,0,6
20207016,161,1,1,76.09399,0,5
20207016,162,0,1,144.6873,0,2
20207016,162,1,1,520.9471,0,1
20207016,163,0,1,499.4846,0,1
20207016,163,1,1,948.6364,0,1
20207016,164,0,1,.049438,1,5
20207016,164,1,1,25.44003,1,4
20207018,165,0,0,116.7246,0,4
20207018,165,1,0,269.2529,0,3
20207018,166,0,0,251.576,0,7
20207018,166,1,0,769.5526,0,12
20207018,167,0,0,137.5355,0,3
20207018,167,1,0,2017.674,0,3
20207018,168,0,0,132.794,0,9
20207018,168,1,0,363.8327,0,6
20207019,169,0,1,203.6756,1,3
20207019,169,1,1,6.922017,1,2
20207019,170,0,1,38.03012,0,6
20207019,170,1,1,30.81462,0,7
20207022,171,0,0,41.3996,0,7
20207022,171,1,0,281.6251,0,2
20207022,172,0,0,118.0231,0,5
20207022,172,1,0,153.1808,0,4
20207022,173,0,0,118.518,0,2
20207022,173,1,0,147.9243,0,1
20207022,174,0,0,47.7522,0,1
20207022,174,1,0,37.10476,0,1
20301012,175,0,1,67.63277,0,7
20301012,175,1,1,249.0977,0,7
20301012,176,0,1,24.51588,0,9
20301012,176,1,1,97.60529,0,10
20301013,177,0,1,160.3886,1,3
20301013,177,1,1,80.25758,1,4
20301013,178,0,1,123.1777,0,4
20301013,178,1,1,33.70348,0,4
20301013,179,0,1,6.565928,0,2
20301013,179,1,1,6402.259,0,2
20301014,180,0,1,30.46443,0,9
20301014,180,1,1,82.08131,0,6
20301014,181,0,1,56.59903,0,5
20301014,181,1,1,67.35899,0,3
20301014,182,0,1,111.2519,0,8
20301014,182,1,1,129.8417,0,8
20301016,183,0,0,15.87177,1,3
20301016,183,1,0,81.03678,1,2
20301016,184,0,0,180.3435,0,4
20301016,184,1,0,293.9675,0,7
20301016,185,0,0,30.14023,0,4
20301016,185,1,0,239.9441,0,5
20301016,186,0,0,28.94894,0,7
20301016,186,1,0,164.1001,0,5
20301017,187,0,1,234.7682,0,6
20301017,187,1,1,50.15078,0,5
20301017,188,0,1,57.3396,0,3
20301017,188,1,1,248.2822,0,7
20301017,189,0,1,76.75224,0,3
20301017,189,1,1,87.69646,0,4
20301017,190,0,1,42.11652,0,4
20301017,190,1,1,2.659195,0,4
20301017,191,0,1,54.4281,0,4
20301017,191,1,1,24.46873,0,4
20302010,192,0,1,107.6129,0,5
20302010,192,1,1,263.4264,0,4
20302010,193,0,1,36.50065,0,9
20302010,193,1,1,110.1479,0,8
20302010,194,0,1,80.3999,0,4
20302010,194,1,1,643.1457,0,5
20302010,195,0,1,75.40416,0,3
20302010,195,1,1,195.4802,0,4
20303013,196,0,1,21.12379,0,3
20303013,196,1,1,1867.278,0,1
20303013,197,0,1,81.89396,1,4
20303013,197,1,1,64.33346,1,2
20303013,198,0,1,31.68569,0,2
20303013,198,1,1,120.6135,0,6
20303015,199,0,0,107.6514,1,3
20303015,199,1,0,3.13329,1,3
20303015,200,0,0,67.36472,0,3
20303015,200,1,0,12.36825,0,3
20303018,201,0,0,45.4651,0,7
20303018,201,1,0,133.1133,0,8
20303018,202,0,0,95.24497,0,7
20303018,202,1,0,740.0455,0,7
20303018,203,0,0,78.87946,0,3
20303018,203,1,0,904.1192,0,3
20303018,204,0,0,783.6343,0,1
20303018,204,1,0,423.168,0,5
20401010,205,0,1,106.907,1,6
20401010,205,1,1,226.8472,1,4
20401010,206,0,1,387.0335,0,4
20401010,206,1,1,1619.108,0,2
20401010,207,0,1,81.60776,0,4
20401010,207,1,1,304.6795,0,5
20401012,208,0,0,43.78523,0,4
20401012,208,1,0,174.5703,0,5
20401012,209,0,0,517.275,0,4
20401012,209,1,0,345.8163,0,5
20401021,210,0,0,5.85214,1,3
20401021,210,1,0,539.2557,1,3
20401021,211,0,0,124.5902,0,3
20401021,211,1,0,391.9087,0,6
20401022,212,0,0,41.93067,1,5
20401022,212,1,0,152.0019,1,4
20401023,213,0,0,142.7507,1,2
20401023,213,1,0,70.12798,1,2
20401023,214,0,0,204.8908,1,5
20401023,214,1,0,61.18162,1,6
20401023,215,0,0,60.07612,1,7
20401023,215,1,0,164.4153,1,6
20401023,216,0,0,40.96042,1,2
20401023,216,1,0,302.2033,1,1
20401024,217,0,1,147.5237,1,3
20401024,217,1,1,24.20467,1,3
20401024,218,0,1,232.5079,1,1
20401024,218,1,1,242.0483,1,3
20401024,219,0,1,41.18443,0,6
20401024,219,1,1,92.99754,0,7
20401024,220,0,1,59.04333,1,2
20401024,220,1,1,10.3613,1,3
20402012,221,0,0,534.9877,0,3
20402012,221,1,0,62.66581,0,3
20402012,222,0,0,493.89,0,4
20402012,222,1,0,274.0805,0,5
20402012,223,0,0,148.9727,0,4
20402012,223,1,0,36.38005,0,3
20402012,224,0,0,116.9929,1,1
20402012,224,1,0,139.0191,1,1
20402013,225,0,1,239.8557,0,3
20402013,225,1,1,270.5266,0,3
20402013,226,0,1,118.6932,0,3
20402013,226,1,1,1109.411,0,5
20402013,227,0,1,52.98883,0,5
20402013,227,1,1,353.2125,0,5
20402016,228,0,1,74.15792,0,3
20402016,228,1,1,234.8942,0,2
20402017,229,0,0,26.39972,0,4
20402017,229,1,0,136.8667,0,6
20402017,230,0,0,36.97147,0,5
20402017,230,1,0,112.8603,0,4
20402017,231,0,0,429.7699,0,3
20402017,231,1,0,15.46031,0,4
20402018,232,0,0,149.2551,0,6
20402018,232,1,0,480.8241,0,5
20402018,233,0,0,106.8262,1,1
20402018,233,1,0,264.1859,1,1
20402018,234,0,0,123.6306,0,3
20402018,234,1,0,112.3874,0,3
20402020,235,0,0,252.2587,1,1
20402020,235,1,0,204.0475,1,1
20402020,236,0,0,84.23676,1,4
20402020,236,1,0,71.42784,1,5
20402020,237,0,0,39.34466,1,2
20402020,237,1,0,945.1388,1,2
20402020,238,0,0,58.43715,1,5
20402020,238,1,0,303.8749,1,1
20403011,239,0,1,44.53952,1,7
20403011,239,1,1,46.60437,1,9
20403011,240,0,1,82.16727,1,6
20403011,240,1,1,200.9624,1,4
20403011,241,0,1,65.02115,0,5
20403011,241,1,1,144.2655,0,5
20403011,242,0,1,45.95017,0,5
20403011,242,1,1,93.71093,0,3
20403012,243,0,0,26.94048,0,8
20403012,243,1,0,352.77,0,9
20403012,244,0,0,66.26768,0,9
20403012,244,1,0,464.3042,0,5
20403012,245,0,0,10.60248,0,7
20403012,245,1,0,477.2661,0,5
20403013,246,0,1,38.21812,1,1
20403013,246,1,1,244.9006,1,5
20403013,247,0,1,192.6653,0,7
20403013,247,1,1,614.0775,0,4
20403013,248,0,1,122.2424,1,1
20403013,248,1,1,171.7258,1,1
20403013,249,0,1,6.715184,0,10
20403013,249,1,1,627.7836,0,6
20403014,250,0,1,328.0904,0,4
20403014,250,1,1,180.2462,0,2
20403014,251,0,1,135.8712,0,2
20403014,251,1,1,101.7845,0,2
20403015,252,0,0,242.132,0,3
20403015,252,1,0,487.1854,0,4
20403015,253,0,0,126.8153,0,3
20403015,253,1,0,286.4487,0,5
20403015,254,0,0,109.6404,0,7
20403015,254,1,0,119.5598,0,6
20403015,255,0,0,128.3579,0,1
20403015,255,1,0,155.84,0,1
20403015,256,0,0,13.89331,1,2
20403015,256,1,0,35.01826,1,1
20403015,257,0,0,573.0264,0,2
20403015,257,1,0,742.095,0,3
20403016,258,0,1,8.709992,1,9
20403016,258,1,1,28.85119,1,8
20403016,259,0,1,55.73411,1,3
20403016,259,1,1,502.8938,1,1
20403017,260,0,1,59.85488,1,2
20403017,260,1,1,2987.62,1,1
20403017,261,0,1,42.70966,0,1
20403017,261,1,1,529.8188,0,1
20403017,262,0,1,18.10429,0,6
20403017,262,1,1,260.7687,0,7
20403017,263,0,1,75.47434,1,5
20403017,263,1,1,54.01463,1,1
20403018,264,0,1,34.70144,0,3
20403018,264,1,1,1340.051,0,2
20403018,265,0,1,83.60116,1,2
20403018,265,1,1,19.61852,1,1
20403018,266,0,1,93.91267,0,6
20403018,266,1,1,72.79953,0,5
20403018,267,0,1,631.8878,0,3
20403018,267,1,1,445.9645,0,4
20403019,268,0,1,106.7361,0,7
20403019,268,1,1,870.1332,0,5
20403019,269,0,1,474.3679,0,4
20403019,269,1,1,294.9729,0,5
20403019,270,0,1,61.76365,0,2
20403019,270,1,1,73.06915,0,4
20403019,271,0,1,163.6124,0,4
20403019,271,1,1,60.28271,0,6
20403020,272,0,1,35.06887,0,7
20403020,272,1,1,327.5979,0,7
20403021,273,0,0,169.0319,1,1
20403021,273,1,0,86.57777,1,1
20403021,274,0,0,146.6563,0,6
20403021,274,1,0,612.4743,0,8
20403021,275,0,0,135.8842,0,6
20403021,275,1,0,18.02149,0,7
20403022,276,0,0,272.1876,0,4
20403022,276,1,0,834.857,0,4
20403022,277,0,0,65.72745,0,4
20403022,277,1,0,204.7029,0,4
20403022,278,0,0,25.33767,0,7
20403022,278,1,0,393.3104,0,4
20404011,279,0,0,292.1667,1,1
20404011,279,1,0,572.8974,1,1
20404011,280,0,0,102.5718,1,2
20404011,280,1,0,92.14347,1,2
20404012,281,0,0,116.2473,1,2
20404012,281,1,0,918.4882,1,2
20404012,282,0,0,100.5297,0,6
20404012,282,1,0,109.8713,0,6
20404015,283,0,1,69.28361,0,5
20404015,283,1,1,1147.806,0,5
20404016,284,0,1,105.6065,0,2
20404016,284,1,1,17.97519,0,3
20404016,285,0,1,21.35483,0,2
20404016,285,1,1,126.5903,0,4
20404019,286,0,0,49.17662,1,5
20404019,286,1,0,245.5973,1,2
20404019,287,0,0,108.7548,0,5
20404019,287,1,0,202.3446,0,5
20404019,288,0,0,224.5503,0,1
20404019,288,1,0,61.84126,0,2
20404019,289,0,0,55.0704,0,7
20404019,289,1,0,76.68069,0,7
20404020,290,0,0,83.6824,1,2
20404020,290,1,0,2027.619,1,2
20404020,291,0,0,24.17192,1,4
20404020,291,1,0,145.9454,1,2
20404020,292,0,0,32.70227,0,4
20404020,292,1,0,157.6188,0,4
20404020,293,0,0,123.1476,0,4
20404020,293,1,0,69.75267,0,5
30101011,294,0,1,19.6969,0,4
30101011,294,1,1,746.8693,0,4
30101011,295,0,1,240.9644,1,1
30101011,295,1,1,38.2179,1,4
30101011,296,0,1,118.668,0,7
30101011,296,1,1,192.2482,0,6
30101013,297,0,1,135.1952,0,3
30101013,297,1,1,222.443,0,2
30102010,298,0,1,5.366512,1,6
30102010,298,1,1,.0382179,1,4
30102010,299,0,1,9.053054,0,7
30102010,299,1,1,395.5226,0,6
30102010,300,0,1,508.0558,0,6
30102010,300,1,1,47.7438,0,5
30102011,301,0,0,21.00371,0,4
30102011,301,1,0,153.7406,0,4
30102011,302,0,0,57.16209,1,3
30102011,302,1,0,142.8121,1,3
30102011,303,0,0,56.7197,0,6
30102011,303,1,0,116.2616,0,5
30102011,304,0,0,47.90741,0,7
30102011,304,1,0,3.003718,0,7
30102012,305,0,1,125.261,0,6
30102012,305,1,1,275.6642,0,6
30102012,306,0,1,54.904,0,10
30102012,306,1,1,287.3335,0,9
30102015,307,0,0,87.15469,0,4
30102015,307,1,0,64.34087,0,4
30102015,308,0,0,53.82948,0,4
30102015,308,1,0,72.72532,0,1
30102015,309,0,0,249.6564,0,2
30102015,309,1,0,136.1818,0,11
30102015,310,0,0,94.60304,1,6
30102015,310,1,0,170.0635,1,12
30103010,311,0,0,20.83786,1,3
30103010,311,1,0,142.4823,1,1
30103010,312,0,0,95.4539,1,5
30103010,312,1,0,99.12883,1,5
30103010,313,0,0,131.2344,0,4
30103010,313,1,0,548.1716,0,4
30103011,314,0,0,138.5047,0,2
30103011,314,1,0,351.0973,0,1
30103011,315,0,0,27.49609,1,2
30103011,315,1,0,140.294,1,1
30103011,316,0,0,223.2231,1,5
30103011,316,1,0,124.7427,1,7
30103011,317,0,0,86.16448,1,1
30103011,317,1,0,238.6599,1,1
30103012,318,0,0,112.837,1,1
30103012,318,1,0,35.62056,1,3
30103012,319,0,0,155.0818,1,4
30103012,319,1,0,277.0488,1,5
30103012,320,0,0,135.2056,0,4
30103012,320,1,0,77.44852,0,2
30103012,321,0,0,648.2311,0,2
30103012,321,1,0,292.9792,0,5
30103013,322,0,1,64.24268,1,6
30103013,322,1,1,123.2527,1,8
30103013,323,0,1,160.8668,0,2
30103013,323,1,1,1172.881,0,2
30103013,324,0,1,68.53343,1,10
30103013,324,1,1,136.9203,1,8
30103016,325,0,1,94.51934,0,2
30103016,325,1,1,101.7845,0,4
30103016,326,0,1,283.4001,1,1
30103016,326,1,1,188.032,1,2
30103016,327,0,1,35.30409,1,5
30103016,327,1,1,43.80693,1,7
30103016,328,0,1,47.80536,0,5
30103016,328,1,1,32.35964,0,5
30104010,329,0,0,130.835,1,4
30104010,329,1,0,709.9376,1,1
30104010,330,0,0,61.03233,0,4
30104010,330,1,0,18.83622,0,6
30104010,331,0,0,55.64927,0,5
30104010,331,1,0,303.2695,0,5
30104012,332,0,0,72.00466,1,2
30104012,332,1,0,57.14132,1,1
30104012,333,0,0,116.2077,0,4
30104012,333,1,0,985.6672,0,3
30104012,334,0,0,14.99786,1,6
30104012,334,1,0,8.163046,1,5
30104015,335,0,0,129.3584,0,1
30104015,335,1,0,47.98882,0,1
30104015,336,0,0,24.18954,0,8
30104015,336,1,0,52.74372,0,9
30104015,337,0,0,182.2041,0,5
30104015,337,1,0,69.57141,0,4
30104015,338,0,0,70.6685,0,6
30104015,338,1,0,123.5718,0,6
30105011,339,0,0,59.70796,0,5
30105011,339,1,0,337.4059,0,4
30105011,340,0,0,132.5213,0,2
30105011,340,1,0,383.9492,0,2
30105011,341,0,0,80.96523,0,4
30105011,341,1,0,239.3003,0,4
30105013,342,0,0,311.8971,1,2
30105013,342,1,0,51.94666,1,1
30105013,343,0,0,26.70655,0,4
30105013,343,1,0,251.5685,0,4
30105017,344,0,1,34.93706,0,6
30105017,344,1,1,70.47656,0,6
30105017,345,0,1,47.89206,0,5
30105017,345,1,1,207.6203,0,4
30105017,346,0,1,278.0211,1,2
30105017,346,1,1,1011.43,1,2
30105017,347,0,1,23.72475,1,5
30105017,347,1,1,200.5166,1,2
30105018,348,0,1,104.0359,1,3
30105018,348,1,1,311.5931,1,3
30105018,349,0,1,109.725,1,1
30105018,349,1,1,152.362,1,1
30105018,350,0,1,230.2362,0,6
30105018,350,1,1,588.2382,0,6
30105018,351,0,1,45.58854,1,3
30105018,351,1,1,363.707,1,2
30201011,352,0,1,79.35633,0,4
30201011,352,1,1,43.41009,0,5
30201011,353,0,1,147.1354,1,1
30201011,353,1,1,63.05456,1,1
30201011,354,0,1,105.7729,0,3
30201011,354,1,1,449.6494,0,3
30201011,355,0,1,122.8365,0,4
30201011,355,1,1,1.348139,0,2
30201012,356,0,0,30.76748,1,6
30201012,356,1,0,322.8114,1,1
30201012,357,0,0,55.78251,0,3
30201012,357,1,0,46.07174,0,4
30201012,358,0,0,46.75508,0,8
30201012,358,1,0,28.30563,0,7
30201012,359,0,0,52.13785,0,3
30201012,359,1,0,24.98387,0,4
30201013,360,0,0,90.51114,1,4
30201013,360,1,0,1030.91,1,2
30201013,361,0,0,12.10236,0,7
30201013,361,1,0,209.1884,0,6
30201013,362,0,0,340.4757,1,2
30201013,362,1,0,143.0759,1,2
30201013,363,0,0,61.68283,0,9
30201013,363,1,0,1137.349,0,7
30201014,364,0,1,55.8466,0,4
30201014,364,1,1,189.6383,0,3
30201014,365,0,1,517.6726,0,1
30201014,365,1,1,233.7854,0,1
30201014,366,0,1,33.9462,0,6
30201014,366,1,1,59.04851,0,5
30201014,367,0,1,243.9379,1,2
30201014,367,1,1,611.4864,1,1
30201017,368,0,1,155.9794,0,5
30201017,368,1,1,38.6916,0,4
30201017,369,0,1,46.29192,0,7
30201017,369,1,1,1671.308,0,7
30201017,370,0,1,40.06625,1,3
30201017,370,1,1,96.81867,1,3
30201017,371,0,1,38.6394,0,8
30201017,371,1,1,20.82653,0,3
30202015,372,0,1,74.13593,0,5
30202015,372,1,1,1183.487,0,3
30202015,373,0,1,20.27616,0,6
30202015,373,1,1,149.1312,0,5
30202015,374,0,1,138.6327,1,3
30202015,374,1,1,326.1601,1,5
30202016,375,0,1,64.90799,0,5
30202016,375,1,1,178.1398,0,8
30202016,376,0,1,82.22646,1,6
30202016,376,1,1,20.84739,1,6
30202016,377,0,1,158.1494,1,2
30202016,377,1,1,289.1821,1,2
30202016,378,0,1,85.35754,0,5
30202016,378,1,1,397.3383,0,3
30202017,379,0,1,30.01491,0,4
30202017,379,1,1,1634.215,0,5
30202017,380,0,1,143.2566,0,4
30202017,380,1,1,97.9648,0,3
30202017,381,0,1,944.6352,0,1
30202017,381,1,1,557.7308,0,1
30202017,382,0,1,254.7057,0,1
30202017,382,1,1,336.1705,0,1
30202019,383,0,1,42.40228,0,6
30202019,383,1,1,93.69569,0,8
30203013,384,0,0,32.53019,1,4
30203013,384,1,0,37.55001,1,5
30203013,385,0,0,37.14112,0,5
30203013,385,1,0,109.6652,0,3
30203014,386,0,1,157.2923,1,1
30203014,386,1,1,285.3603,1,1
30203014,387,0,1,13.45391,0,3
30203014,387,1,1,111.4462,0,3
30203014,388,0,1,51.45855,0,5
30203014,388,1,1,395.2745,0,2
30203015,389,0,0,38.13786,1,4
30203015,389,1,0,3522.279,1,3
30203015,390,0,0,90.86201,0,3
30203015,390,1,0,87.07249,0,3
30203015,391,0,0,274.8047,1,1
30203015,391,1,0,201.6434,1,1
30203016,392,0,1,55.74578,0,6
30203016,392,1,1,25.84179,0,6
30203016,393,0,1,221.5869,1,3
30203016,393,1,1,60.56638,1,3
30204012,394,0,0,47.0043,0,9
30204012,394,1,0,38.88269,0,8
30204012,395,0,0,83.76032,0,6
30204012,395,1,0,113.1695,0,4
30204012,396,0,0,164.5512,1,1
30204012,396,1,0,492.2564,1,1
30204014,397,0,0,48.62555,1,10
30204014,397,1,0,287.4028,1,7
30204014,398,0,0,22.24736,0,4
30204014,398,1,0,35.84525,0,5
30204014,399,0,0,170.5708,1,1
30204014,399,1,0,533.0717,1,1
30204014,400,0,0,54.59958,1,2
30204014,400,1,0,16.92019,1,3
30204015,401,0,0,54.99218,1,1
30204015,401,1,0,461.5105,1,2
30204015,402,0,0,258.5398,0,7
30204015,402,1,0,470.2409,0,5
30204016,403,0,0,130.6748,0,4
30204016,403,1,0,169.2425,0,6
30204016,404,0,0,335.2794,1,1
30204016,404,1,0,145.698,1,1
30204016,405,0,0,33.07937,1,6
30204016,405,1,0,988.9654,1,5
30204016,406,0,0,133.4929,0,2
30204016,406,1,0,556.9926,0,2
30205010,407,0,1,30.70513,0,7
30205010,407,1,1,111.7853,0,4
30205010,408,0,1,45.98321,0,4
30205010,408,1,1,59.0593,0,4
30205010,409,0,1,163.0212,0,7
30205010,409,1,1,55.10637,0,6
30205011,410,0,0,150.0931,0,3
30205011,410,1,0,46.89494,0,3
30205011,411,0,0,50.70278,0,4
30205011,411,1,0,4.566332,0,5
30205012,412,0,0,10.99844,1,5
30205012,412,1,0,.7289354,1,7
30205012,413,0,0,34.89266,0,4
30205012,413,1,0,67.13271,0,4
30205016,414,0,0,97.17655,1,1
30205016,414,1,0,74.45139,1,1
30205016,415,0,0,99.02175,0,4
30205016,415,1,0,72.64286,0,3
30205016,416,0,0,162.3024,1,1
30205016,416,1,0,838.8148,1,1
30205016,417,0,0,304.0343,0,5
30205016,417,1,0,360.2904,0,5
30205017,418,0,1,61.52934,1,5
30205017,418,1,1,163.7,1,4
30205017,419,0,1,105.1025,1,5
30205017,419,1,1,13.37626,1,6
30205017,420,0,1,70.25387,1,2
30205017,420,1,1,178.1808,1,6
30205017,421,0,1,116.5607,0,7
30205017,421,1,1,231.2059,0,4
30301010,422,0,1,222.5411,1,6
30301010,422,1,1,1.274165,1,7
30301010,423,0,1,83.35228,0,9
30301010,423,1,1,487.0154,0,12
30301011,424,0,0,123.8155,0,4
30301011,424,1,0,342.9716,0,4
30301011,425,0,0,65.04392,0,5
30301011,425,1,0,243.8436,0,5
30301011,426,0,0,85.82375,0,1
30301011,426,1,0,155.036,0,4
30301011,427,0,0,17.13338,1,8
30301011,427,1,0,12.98666,1,10
30301012,428,0,0,25.62143,0,10
30301012,428,1,0,358.8319,0,8
30301012,429,0,0,56.67397,0,7
30301012,429,1,0,84.81087,0,7
30301013,430,0,1,337.5222,0,4
30301013,430,1,1,832.4053,0,7
30301013,431,0,1,37.85933,0,6
30301013,431,1,1,369.0307,0,3
30301013,432,0,1,19.09379,0,8
30301013,432,1,1,162.4508,0,8
30301013,433,0,1,55.12078,1,4
30301013,433,1,1,3.397146,1,3
30301014,434,0,1,166.0999,0,4
30301014,434,1,1,264.9094,0,2
30301014,435,0,1,82.87905,0,3
30301014,435,1,1,146.1383,0,1
30301014,436,0,1,100.5862,0,4
30301014,436,1,1,206.3732,0,5
30301015,437,0,1,16.28229,0,9
30301015,437,1,1,168.3826,0,8
30301015,438,0,1,41.42033,0,6
30301015,438,1,1,957.3138,0,6
30301015,439,0,1,28.84087,0,7
30301015,439,1,1,862.4758,0,9
30301016,440,0,0,104.4604,1,3
30301016,440,1,0,61.7588,1,3
30301016,441,0,0,3.011034,0,2
30301016,441,1,0,155.3377,0,1
30301016,442,0,0,183.7237,1,1
30301016,442,1,0,202.8393,1,1
30301017,443,0,1,64.61345,1,4
30301017,443,1,1,229.1419,1,3
30301017,444,0,1,79.91909,0,8
30301017,444,1,1,268.2123,0,8
30301017,445,0,1,327.8937,0,10
30301017,445,1,1,366.5201,0,10
30301018,446,0,0,26.08836,1,7
30301018,446,1,0,72.37224,1,5
30301018,447,0,0,22.5588,0,6
30301018,447,1,0,677.5632,0,6
30301018,448,0,0,52.81314,1,5
30301018,448,1,0,124.5071,1,6
30301018,449,0,0,55.62579,0,4
30301018,449,1,0,333.4952,0,5
30301019,450,0,1,40.32327,0,4
30301019,450,1,1,38.16861,0,3
30301019,451,0,1,58.29114,0,7
30301019,451,1,1,101.6801,0,4
30301019,452,0,1,33.04932,1,4
30301019,452,1,1,175.829,1,10
30301019,453,0,1,65.02978,1,4
30301019,453,1,1,248.0978,1,4
30301020,454,0,1,29.61872,1,6
30301020,454,1,1,151.9544,1,5
30301020,455,0,1,60.76655,0,2
30301020,455,1,1,1063.682,0,3
30301020,456,0,1,19.40115,0,11
30301020,456,1,1,97.23455,0,8
30301020,457,0,1,116.3507,0,4
30301020,457,1,1,135.3917,0,7
30301021,458,0,1,79.73407,0,9
30301021,458,1,1,350.0669,0,6
30301021,459,0,1,29.97517,0,8
30301021,459,1,1,1033.363,0,6
30301021,460,0,1,64.26367,0,4
30301021,460,1,1,1340.051,0,1
30301021,461,0,1,74.48302,0,4
30301021,461,1,1,1456.602,0,3
30301022,462,0,1,25.56194,0,4
30301022,462,1,1,235.0257,0,3
30301022,463,0,1,179.5862,1,1
30301022,463,1,1,92.75597,1,5
30301022,464,0,1,159.4947,1,6
30301022,464,1,1,90.04913,1,4
30301022,465,0,1,32.3784,0,8
30301022,465,1,1,50.69004,0,5
30302010,466,0,0,109.2274,1,6
30302010,466,1,0,571.6614,1,4
30302011,467,0,1,152.4842,0,4
30302011,467,1,1,447.5823,0,3
30302011,468,0,1,180.8021,0,6
30302011,468,1,1,87.15721,0,4
30302011,469,0,1,35.72107,0,3
30302011,469,1,1,597.7354,0,5
30302012,470,0,1,44.2657,1,4
30302012,470,1,1,196.1852,1,1
30302012,471,0,1,64.78858,0,6
30302012,471,1,1,73.40098,0,6
30302012,472,0,1,30.7319,0,3
30302012,472,1,1,743.0945,0,4
30302012,473,0,1,19.37565,0,5
30302012,473,1,1,125.8228,0,6
30302017,474,0,1,36.59603,0,10
30302017,474,1,1,1700.063,0,8
30302017,475,0,1,36.44548,0,5
30302017,475,1,1,393.0819,0,5
30302017,476,0,1,32.94831,1,5
30302017,476,1,1,52.14777,1,4
30302017,477,0,1,98.79375,0,9
30302017,477,1,1,60.07724,0,8
30302018,478,0,0,83.60116,1,2
30302018,478,1,0,64.80964,1,1
30302018,479,0,0,469.4254,0,3
30302018,479,1,0,277.0639,0,3
30302019,480,0,0,104.5362,0,9
30302019,480,1,0,692.7733,0,6
30302019,481,0,0,296.4257,0,3
30302019,481,1,0,686.4379,0,3
30302019,482,0,0,195.2434,0,2
30302019,482,1,0,951.6331,0,2
30302019,483,0,0,325.5431,0,1
30302019,483,1,0,1.236825,0,2
30302020,484,0,0,125.7728,0,3
30302020,484,1,0,1893.167,0,3
30302020,485,0,0,75.48766,1,4
30302020,485,1,0,99.19337,1,3
30302020,486,0,0,103.4277,0,3
30302020,486,1,0,83.05281,0,4
30302021,487,0,0,230.6318,0,2
30302021,487,1,0,197.1499,0,3
30302021,488,0,0,213.0301,0,1
30302021,488,1,0,82.12519,0,1
30302023,489,0,0,156.2916,1,1
30302023,489,1,0,378.0066,1,1
30302023,490,0,0,51.85446,0,3
30302023,490,1,0,1653.007,0,1
30302023,491,0,0,193.4747,1,1
30302023,491,1,0,31.09794,1,1
30303010,492,0,1,29.33734,1,4
30303010,492,1,1,340.5979,1,5
30303010,493,0,1,37.81211,0,4
30303010,493,1,1,213.5654,0,3
30303010,494,0,1,764.7592,0,4
30303010,494,1,1,506.9004,0,4
30303010,495,0,1,53.43391,0,7
30303010,495,1,1,808.2096,0,8
30303011,496,0,0,103.2824,1,3
30303011,496,1,0,12.31688,1,3
30303011,497,0,0,25.10292,1,7
30303011,497,1,0,235.7389,1,5
30303011,498,0,0,45.97322,0,7
30303011,498,1,0,243.7263,0,8
30303012,499,0,1,260.8349,0,3
30303012,499,1,1,1500.583,0,5
30303012,500,0,1,70.78117,0,5
30303012,500,1,1,240.9799,0,4
30303012,501,0,1,42.86864,0,7
30303012,501,1,1,52.35275,0,12
30303013,502,0,1,80.62783,1,7
30303013,502,1,1,14.48034,1,6
30303013,503,0,1,82.57457,1,2
30303013,503,1,1,43.18622,1,2
30303013,504,0,1,43.60299,0,5
30303013,504,1,1,54.73446,0,4
30303014,505,0,1,34.7909,0,5
30303014,505,1,1,310.0721,0,1
30303014,506,0,1,249.4428,1,1
30303014,506,1,1,241.2823,1,2
30303014,507,0,1,221.677,0,6
30303014,507,1,1,130.7695,0,7
30303015,508,0,0,42.11928,0,3
30303015,508,1,0,17.31555,0,3
30303015,509,0,0,88.47664,1,2
30303015,509,1,0,250.797,1,2
30303017,510,0,1,27.94106,0,9
30303017,510,1,1,32.05219,0,11
30303017,511,0,1,112.9691,1,6
30303017,511,1,1,34.37023,1,5
30303017,512,0,1,21.12379,0,3
30303017,512,1,1,2017.625,0,3
30303017,513,0,1,85.26175,1,2
30303017,513,1,1,81.52745,1,2
30303018,514,0,0,32.04448,0,5
30303018,514,1,0,139.1428,0,4
30303018,515,0,0,63.63385,0,3
30303018,515,1,0,64.46511,0,3
30303018,516,0,0,68.66537,0,7
30303018,516,1,0,118.4604,0,9
30303018,517,0,0,23.56765,0,5
30303018,517,1,0,970.6603,0,5
30303019,518,0,1,173.2429,0,1
30303019,518,1,1,161.0079,0,2
30303019,519,0,1,84.92339,1,4
30303019,519,1,1,183.6399,1,4
30303019,520,0,1,80.47668,0,5
30303019,520,1,1,197.826,0,5
30303019,521,0,1,99.01176,0,5
30303019,521,1,1,721.8612,0,8
30303020,522,0,0,23.99119,0,1
30303020,522,1,0,402.7103,0,1
30303020,523,0,0,33.00212,1,2
30303020,523,1,0,272.1015,1,1
30303020,524,0,0,966.2873,0,4
30303020,524,1,0,388.3476,0,5
30303020,525,0,0,17.7951,0,5
30303020,525,1,0,114.3445,0,4
30303021,526,0,1,198.8598,0,3
30303021,526,1,1,4716.365,0,2
30303021,527,0,1,163.2092,0,1
30303021,527,1,1,328.946,0,1
30303021,528,0,1,32.71685,0,4
30303021,528,1,1,246.4788,0,5
40101010,529,0,0,125.1787,0,2
40101010,529,1,0,2968.38,0,2
40101010,530,0,0,96.49534,1,2
40101010,530,1,0,21.17044,1,3
40101010,531,0,0,582.2234,0,4
40101010,531,1,0,360.5045,0,5
40101011,532,0,1,114.3735,0,4
40101011,532,1,1,99.18537,0,4
40101011,533,0,1,607.4735,0,2
40101011,533,1,1,292.2329,0,1
40101011,534,0,1,175.0677,0,3
40101011,534,1,1,67.55283,0,3
40101012,535,0,1,214.9368,1,4
40101012,535,1,1,169.6875,1,3
40101012,536,0,1,70.14369,1,4
40101012,536,1,1,5.555005,1,4
40101012,537,0,1,341.9044,0,2
40101012,537,1,1,74.83959,0,5
40101013,538,0,0,24.54914,1,4
40101013,538,1,0,76.49763,1,4
40101014,539,0,0,77.56059,1,5
40101014,539,1,0,86.82512,1,8
40101014,540,0,0,93.01347,0,6
40101014,540,1,0,94.56803,0,6
40101014,541,0,0,319.1871,0,7
40101014,541,1,0,2125.244,0,6
40101014,542,0,0,381.8472,0,6
40101014,542,1,0,532.0822,0,7
40101015,543,0,0,118.2232,1,6
40101015,543,1,0,45.35026,1,6
40101016,544,0,1,188.2977,1,6
40101016,544,1,1,146.8974,1,4
40101016,545,0,1,170.6616,1,8
40101016,545,1,1,86.62724,1,8
40101016,546,0,1,220.2285,0,8
40101016,546,1,1,237.4651,0,7
40101017,547,0,1,128.4481,0,7
40101017,547,1,1,857.4993,0,7
40101017,548,0,1,255.0473,1,1
40101017,548,1,1,1094.306,1,1
40101017,549,0,1,216.2487,0,5
40101017,549,1,1,393.5297,0,8
40101017,550,0,1,144.8945,0,3
40101017,550,1,1,568.106,0,2
40101018,551,0,0,376.5801,0,2
40101018,551,1,0,318.6061,0,2
40101018,552,0,0,79.28279,1,3
40101018,552,1,0,441.9589,1,3
40101018,553,0,0,306.8543,0,1
40101018,553,1,0,77.30157,0,2
40101019,554,0,1,71.53551,0,8
40101019,554,1,1,4.269108,0,6
40101019,555,0,1,111.2064,0,7
40101019,555,1,1,211.886,0,7
40101019,556,0,1,155.6513,0,1
40101019,556,1,1,234.3338,0,3
40101019,557,0,1,232.8334,0,2
40101019,557,1,1,1827.307,0,6
40101020,558,0,1,2617.603,0,1
40101020,558,1,1,458.3674,0,1
40101020,559,0,1,83.09893,0,4
40101020,559,1,1,109.5138,0,6
40101020,560,0,1,162.0697,0,5
40101020,560,1,1,515.888,0,3
40101020,561,0,1,47.86692,0,10
40101020,561,1,1,163.275,0,9
40101021,562,0,1,502.0016,1,3
40101021,562,1,1,292.84,1,12
40101021,563,0,1,149.3004,0,5
40101021,563,1,1,290.6012,0,4
40101021,564,0,1,244.8391,0,5
40101021,564,1,1,449.7393,0,5
40101021,565,0,1,342.6222,0,3
40101021,565,1,1,185.2344,0,3
40101022,566,0,1,197.9323,1,2
40101022,566,1,1,117.8385,1,2
40101022,567,0,1,563.2964,1,1
40101022,567,1,1,554.6691,1,1
40101022,568,0,1,77.26713,1,5
40101022,568,1,1,95.09886,1,4
40101022,569,0,1,364.7515,0,3
40101022,569,1,1,110.7631,0,5
40101023,570,0,1,94.86949,0,6
40101023,570,1,1,95.4932,0,6
40101023,571,0,1,1245.325,0,1
40101023,571,1,1,2197.053,0,1
40101023,572,0,1,60.42719,0,5
40101023,572,1,1,36.50817,0,6
40101023,573,0,1,103.3588,1,5
40101023,573,1,1,139.3372,1,1
40101024,574,0,1,187.1952,1,1
40101024,574,1,1,151.5585,1,1
40101024,575,0,1,45.11806,1,3
40101024,575,1,1,3.82179,1,1
40101024,576,0,1,100.3683,0,4
40101024,576,1,1,3474.774,0,4
40101025,577,0,1,71.50446,0,3
40101025,577,1,1,141.9141,0,3
40101025,578,0,1,161.8843,0,6
40101025,578,1,1,224.0873,0,6
40102010,579,0,1,842.9373,0,3
40102010,579,1,1,167.1211,0,2
40102010,580,0,1,113.9635,0,10
40102010,580,1,1,447.043,0,10
40102011,581,0,1,360.5726,0,8
40102011,581,1,1,723.5037,0,3
40102011,582,0,1,370.8312,0,1
40102011,582,1,1,261.1754,0,3
40102011,583,0,1,50.38242,0,5
40102011,583,1,1,265.2336,0,2
40102011,584,0,1,55.15934,0,9
40102011,584,1,1,55.22406,0,6
40102012,585,0,1,966.6644,0,1
40102012,585,1,1,98.75121,0,4
40102012,586,0,1,170.0774,0,3
40102012,586,1,1,588.8885,0,2
40102012,587,0,1,163.7996,0,2
40102012,587,1,1,74.98795,0,5
40102013,588,0,1,323.0364,1,3
40102013,588,1,1,16.25583,1,3
40102013,589,0,1,163.3727,0,8
40102013,589,1,1,80.205,0,7
40102013,590,0,1,233.3446,0,1
40102013,590,1,1,1822.684,0,1
40102013,591,0,1,188.4666,0,6
40102013,591,1,1,719.0077,0,3
40102014,592,0,1,201.4895,0,2
40102014,592,1,1,59.03269,0,2
40102014,593,0,1,374.6357,1,2
40102014,593,1,1,90.56425,1,2
40102014,594,0,1,156.9468,1,4
40102014,594,1,1,212.3217,1,3
40102015,595,0,0,313.57,0,3
40102015,595,1,0,299.0251,0,4
40102015,596,0,0,61.02607,1,5
40102015,596,1,0,28.69434,1,2
40102015,597,0,0,69.57177,1,2
40102015,597,1,0,1951.463,1,1
40102015,598,0,0,232.305,0,3
40102015,598,1,0,653.8682,0,3
40102016,599,0,0,81.2074,0,3
40102016,599,1,0,369.8551,0,4
40102016,600,0,0,165.151,0,5
40102016,600,1,0,490.4012,0,6
40102017,601,0,0,591.9645,0,7
40102017,601,1,0,1169.911,0,5
40102017,602,0,0,146.8414,0,6
40102017,602,1,0,48.73037,0,5
40102017,603,0,0,349.3927,0,5
40102017,603,1,0,157.09,0,5
40102017,604,0,0,508.0545,1,1
40102017,604,1,0,226.6358,1,5
40103010,605,0,0,2114.441,0,1
40103010,605,1,0,177.237,0,2
40103010,606,0,0,82.41192,0,7
40103010,606,1,0,103.0099,0,7
40103010,607,0,0,263.3212,0,5
40103010,607,1,0,7.833226,0,3
40103011,608,0,0,126.7866,0,8
40103011,608,1,0,237.2725,0,5
40103011,609,0,0,365.4758,1,2
40103011,609,1,0,363.6266,1,1
40103011,610,0,0,166.9091,1,2
40103011,610,1,0,764.475,1,1
40103012,611,0,1,553.435,0,4
40103012,611,1,1,265.3138,0,4
40103012,612,0,1,92.48775,0,9
40103012,612,1,1,469.9614,0,6
40103012,613,0,1,44.39032,1,1
40103012,613,1,1,87.90116,1,4
40103013,614,0,1,78.29242,0,9
40103013,614,1,1,244.2155,0,8
40103013,615,0,1,102.6114,0,6
40103013,615,1,1,84.74019,0,7
40103013,616,0,1,66.60153,1,4
40103013,616,1,1,100.322,1,4
40103014,617,0,0,315.9065,0,3
40103014,617,1,0,154.9023,0,4
40103014,618,0,0,61.14675,0,7
40103014,618,1,0,258.3297,0,7
40103014,619,0,0,365.5822,0,1
40103014,619,1,0,168.2082,0,1
40103014,620,0,0,355.4046,0,2
40103014,620,1,0,196.6118,0,1
40103015,621,0,0,107.6079,0,8
40103015,621,1,0,199.335,0,6
40103015,622,0,0,150.1773,0,3
40103015,622,1,0,34.05392,0,3
40103015,623,0,0,74.9931,1,5
40103015,623,1,0,385.0554,1,4
40103015,624,0,0,187.9407,1,2
40103015,624,1,0,240.1914,1,1
40104010,625,0,0,158.2423,1,2
40104010,625,1,0,45.08228,1,2
40104011,626,0,0,184.1767,0,1
40104011,626,1,0,12.16754,0,1
40104011,627,0,0,154.6144,0,4
40104011,627,1,0,126.453,0,5
40104011,628,0,0,79.22372,1,5
40104011,628,1,0,20.48182,1,5
40104012,629,0,1,181.526,0,6
40104012,629,1,1,85.1013,0,8
40104012,630,0,1,690.6253,0,6
40104012,630,1,1,797.2222,0,4
40104012,631,0,1,71.80344,0,5
40104012,631,1,1,708.6904,0,5
40104013,632,0,0,56.83836,0,5
40104013,632,1,0,5.045976,0,5
40104013,633,0,0,105.3017,0,6
40104013,633,1,0,425.4007,0,7
40104013,634,0,0,12.67427,1,5
40104013,634,1,0,90.38718,1,5
40104013,635,0,0,345.1194,0,2
40104013,635,1,0,204.406,0,3
40104014,636,0,0,100.5345,1,7
40104014,636,1,0,16.10878,1,2
40104015,637,0,1,295.0533,0,3
40104015,637,1,1,274.3014,0,3
40104015,638,0,1,374.1472,0,4
40104015,638,1,1,909.5447,0,3
40104015,639,0,1,336.6101,0,4
40104015,639,1,1,768.1699,0,5
40104016,640,0,0,69.82181,0,7
40104016,640,1,0,140.6677,0,7
40104016,641,0,0,85.78183,0,4
40104016,641,1,0,191.7748,0,3
40105010,642,0,1,477.5221,0,5
40105010,642,1,1,327.8675,0,5
40105010,643,0,1,138.9702,0,3
40105010,643,1,1,37.26305,0,4
40105010,644,0,1,40.19157,0,6
40105010,644,1,1,314.6674,0,6
40105011,645,0,1,155.3118,0,7
40105011,645,1,1,62.2101,0,7
40105011,646,0,1,121.2665,0,3
40105011,646,1,1,204.2409,0,4
40105011,647,0,1,556.2887,0,3
40105011,647,1,1,15.93377,0,6
40105011,648,0,1,55.7113,0,10
40105011,648,1,1,21.1359,0,11
40105011,649,0,1,368.0952,1,1
40105011,649,1,1,209.0189,1,1
40105012,650,0,0,136.4474,1,4
40105012,650,1,0,105.5012,1,4
40105012,651,0,0,68.248,1,5
40105012,651,1,0,96.47236,1,2
40105012,652,0,0,499.5828,0,4
40105012,652,1,0,4250.488,0,3
40105012,653,0,0,23.46974,1,7
40105012,653,1,0,32.77253,1,7
40105012,654,0,0,179.3005,0,5
40105012,654,1,0,16.86205,0,6
40105012,655,0,0,79.18184,0,1
40105012,655,1,0,263.6911,0,2
40105013,656,0,0,156.8009,0,6
40105013,656,1,0,138.5244,0,5
40105013,657,0,0,199.9145,0,6
40105013,657,1,0,131.4568,0,7
40105013,658,0,0,215.1461,0,5
40105013,658,1,0,245.8808,0,5
40105013,659,0,0,92.68858,0,7
40105013,659,1,0,24.91319,0,7
40105014,660,0,0,39.87444,1,6
40105014,660,1,0,18.72907,1,7
40105014,661,0,0,117.7286,1,4
40105014,661,1,0,587.3683,1,4
40105015,662,0,1,41.89589,1,9
40105015,662,1,1,43.05883,1,7
40105015,663,0,1,28.12627,1,5
40105015,663,1,1,43.5684,1,5
40105015,664,0,1,662.033,0,3
40105015,664,1,1,1090.645,0,4
40105016,665,0,1,252.1276,0,6
40105016,665,1,1,15.16657,0,4
40105016,666,0,1,266.5735,1,2
40105016,666,1,1,24.62484,1,1
40105016,667,0,1,320.1755,0,5
40105016,667,1,1,1396.672,0,1
40105017,668,0,0,39.22048,0,4
40105017,668,1,0,57.82157,0,4
40105017,669,0,0,316.9309,1,1
40105017,669,1,0,63.28422,1,3
40107010,670,0,0,134.0994,1,4
40107010,670,1,0,28.98836,1,4
40107010,671,0,0,127.5743,0,4
40107010,671,1,0,58.13078,0,4
40107010,672,0,0,104.269,0,11
40107010,672,1,0,206.2749,0,9
40107010,673,0,0,319.2116,0,3
40107010,673,1,0,9.028824,0,4
40107011,674,0,1,17.73548,1,5
40107011,674,1,1,193.0513,1,5
40107011,675,0,1,368.65,1,2
40107011,675,1,1,299.7314,1,5
40107011,676,0,1,97.72064,1,2
40107011,676,1,1,15.92412,1,2
40107012,677,0,0,76.08065,0,9
40107012,677,1,0,108.126,0,9
40107012,678,0,0,125.5126,1,3
40107012,678,1,0,99.40074,1,3
40107012,679,0,0,69.43141,1,4
40107012,679,1,0,14.51868,1,3
40107012,680,0,0,161.2019,1,6
40107012,680,1,0,43.77879,1,4
40107013,681,0,0,121.7942,0,4
40107013,681,1,0,199.3689,0,4
40107013,682,0,0,120.2606,0,6
40107013,682,1,0,42.66323,0,6
40107013,683,0,0,66.38262,0,4
40107013,683,1,0,78.5384,0,4
40107013,684,0,0,183.3321,0,1
40107013,684,1,0,100.4302,0,1
40107014,685,0,0,68.28999,1,7
40107014,685,1,0,181.3628,1,9
40107015,686,0,1,76.20699,1,3
40107015,686,1,1,93.27625,1,1
40107015,687,0,1,66.00425,1,1
40107015,687,1,1,93.42153,1,3
40107015,688,0,1,63.80889,1,7
40107015,688,1,1,22.42117,1,10
40201010,689,0,1,461.0242,0,8
40201010,689,1,1,1352.049,0,6
40201011,690,0,1,261.58,0,5
40201011,690,1,1,309.4199,0,5
40201011,691,0,1,24.22094,1,8
40201011,691,1,1,28.02646,1,2
40201011,692,0,1,35.3755,0,5
40201011,692,1,1,345.9326,0,2
40201011,693,0,1,151.0443,0,9
40201011,693,1,1,977.8504,0,9
40201012,694,0,1,172.4318,0,6
40201012,694,1,1,410.9579,0,6
40201012,695,0,1,240.6506,1,1
40201012,695,1,1,784.7408,1,1
40201012,696,0,1,28.58526,0,6
40201012,696,1,1,448.0316,0,3
40201012,697,0,1,106.1434,0,4
40201012,697,1,1,220.5556,0,6
40201013,698,0,1,59.9721,0,5
40201013,698,1,1,1583.717,0,7
40201013,699,0,1,61.88095,0,11
40201013,699,1,1,34.34946,0,8
40201013,700,0,1,110.5018,1,2
40201013,700,1,1,7.134007,1,5
40201014,701,0,0,54.19984,0,7
40201014,701,1,0,182.8522,0,5
40201014,702,0,0,103.0546,0,5
40201014,702,1,0,59.59709,0,5
40201014,703,0,0,47.37044,0,7
40201014,703,1,0,196.2873,0,7
40201015,704,0,0,76.27787,1,4
40201015,704,1,0,74.95734,1,5
40201015,705,0,0,158.5178,0,7
40201015,705,1,0,250.3059,0,3
40201015,706,0,0,126.8175,1,4
40201015,706,1,0,27.51032,1,6
40201015,707,0,0,123.0488,0,3
40201015,707,1,0,454.4264,0,1
40201016,708,0,1,77.76603,0,6
40201016,708,1,1,90.66238,0,8
40201016,709,0,1,114.091,0,7
40201016,709,1,1,152.3585,0,7
40201016,710,0,1,74.67808,0,6
40201016,710,1,1,125.1882,0,10
40201016,711,0,1,99.64688,0,4
40201016,711,1,1,397.027,0,4
40201017,712,0,1,78.53819,1,4
40201017,712,1,1,292.7673,1,3
40201017,713,0,1,462.7772,0,4
40201017,713,1,1,147.7645,0,6
40201017,714,0,1,146.0008,0,14
40201017,714,1,1,359.4477,0,8
40201017,715,0,1,69.76661,0,3
40201017,715,1,1,59.85739,0,2
40201018,716,0,0,55.27287,0,6
40201018,716,1,0,87.94992,0,2
40201018,717,0,0,98.31787,0,5
40201018,717,1,0,288.1821,0,7
40201018,718,0,0,49.64866,0,5
40201018,718,1,0,128.3191,0,2
40202010,719,0,0,516.7205,0,7
40202010,719,1,0,162.0241,0,4
40202010,720,0,0,251.374,0,11
40202010,720,1,0,57.71851,0,12
40202010,721,0,0,56.02362,0,5
40202010,721,1,0,531.5256,0,4
40202011,722,0,1,32.83211,0,4
40202011,722,1,1,481.4803,0,5
40202011,723,0,1,125.4173,0,6
40202011,723,1,1,553.8606,0,6
40202012,724,0,1,194.6569,0,4
40202012,724,1,1,139.9958,0,5
40202012,725,0,1,619.2143,0,3
40202012,725,1,1,221.6341,0,3
40202012,726,0,1,27.69901,1,5
40202012,726,1,1,483.6886,1,5
40202012,727,0,1,188.1934,0,7
40202012,727,1,1,22.93843,0,13
40202013,728,0,0,1035.938,0,4
40202013,728,1,0,73.28189,0,4
40202013,729,0,0,471.7364,0,6
40202013,729,1,0,231.9047,0,6
40202014,730,0,0,115.2588,0,7
40202014,730,1,0,316.1309,0,7
40202014,731,0,0,162.2906,0,2
40202014,731,1,0,276.8385,0,3
40202014,732,0,0,149.8252,0,6
40202014,732,1,0,135.2932,0,6
40202014,733,0,0,14.52982,1,5
40202014,733,1,0,59.96793,1,3
40202015,734,0,0,78.44988,0,11
40202015,734,1,0,149.2511,0,11
40202017,735,0,1,333.9848,0,2
40202017,735,1,1,893.5768,0,2
40202017,736,0,1,149.4668,1,4
40202017,736,1,1,41.08424,1,4
40202017,737,0,1,550.5092,0,2
40202017,737,1,1,520.5658,0,1
40202017,738,0,1,201.5108,0,2
40202017,738,1,1,33.47237,0,7
40202018,739,0,0,69.01642,0,5
40202018,739,1,0,214.9602,0,5
40202018,740,0,0,226.2828,0,1
40202018,740,1,0,242.4177,0,1
40202018,741,0,0,7.885186,0,4
40202018,741,1,0,88.12379,0,4
40202018,742,0,0,179.0068,0,1
40202018,742,1,0,100.0825,0,1
40202019,743,0,0,228.861,1,2
40202019,743,1,0,59.24392,1,2
40202019,744,0,0,57.03097,0,7
40202019,744,1,0,26.80911,0,7
40202019,745,0,0,65.14516,0,5
40202019,745,1,0,94.98817,0,3
40203010,746,0,1,229.6917,1,4
40203010,746,1,1,24.87147,1,3
40203010,747,0,1,262.0395,1,1
40203010,747,1,1,478.1852,1,1
40203011,748,0,0,88.49699,0,3
40203011,748,1,0,247.8598,0,1
40203011,749,0,0,148.6815,0,6
40203011,749,1,0,54.83258,0,6
40203011,750,0,0,79.75825,1,5
40203011,750,1,0,459.2332,1,2
40203012,751,0,1,69.22295,0,7
40203012,751,1,1,124.0288,0,7
40203012,752,0,1,581.9996,0,3
40203012,752,1,1,502.2367,0,2
40203012,753,0,1,137.6799,0,4
40203012,753,1,1,594.152,0,5
40203012,754,0,1,129.4891,0,11
40203012,754,1,1,123.1001,0,9
40203021,755,0,0,460.4169,0,9
40203021,755,1,0,1821.638,0,7
40203021,756,0,0,300.0544,0,7
40203021,756,1,0,80.57032,0,7
40203021,757,0,0,14.83703,0,8
40203021,757,1,0,14.53269,0,8
40203021,758,0,0,36.25487,0,6
40203021,758,1,0,481.8671,0,5
40203022,759,0,0,67.1642,0,5
40203022,759,1,0,150.0516,0,5
40203022,760,0,0,33.55508,0,5
40203022,760,1,0,404.1945,0,5
40203022,761,0,0,50.48775,0,4
40203022,761,1,0,148.419,0,1
40203023,762,0,1,250.6173,0,2
40203023,762,1,1,343.1015,0,2
40203023,763,0,1,27.85221,1,3
40203023,763,1,1,547.8796,1,4
40203023,764,0,1,73.30347,0,6
40203023,764,1,1,1525.015,0,5
40203024,765,0,0,48.63551,0,8
40203024,765,1,0,778.8906,0,8
40203024,766,0,0,813.1349,0,3
40203024,766,1,0,561.0003,0,4
40203025,767,0,1,125.9705,0,5
40203025,767,1,1,142.0939,0,5
40203025,768,0,1,55.07249,0,12
40203025,768,1,1,29.32203,0,8
40203025,769,0,1,30.45367,0,5
40203025,769,1,1,337.7898,0,5
40203025,770,0,1,314.1928,1,7
40203025,770,1,1,12.61191,1,4
40203026,771,0,1,32.47986,0,7
40203026,771,1,1,2122.96,0,6
40203026,772,0,1,53.83484,1,6
40203026,772,1,1,146.7939,1,5
40203026,773,0,1,28.93301,0,11
40203026,773,1,1,16.98656,0,10
40203027,774,0,0,33.68866,0,7
40203027,774,1,0,367.4539,0,5
40203027,775,0,0,34.90226,0,5
40203027,775,1,0,80.59543,0,5
40203028,776,0,1,452.1694,0,1
40203028,776,1,1,2734.027,0,1
40203028,777,0,1,61.99202,1,3
40203028,777,1,1,292.4094,1,3
40203028,778,0,1,199.2536,0,7
40203028,778,1,1,395.6789,0,6
40203029,779,0,1,216.6182,1,2
40203029,779,1,1,12.7393,1,2
40203029,780,0,1,168.1358,0,2
40203029,780,1,1,131.2189,0,3
40203029,781,0,1,159.5805,0,3
40203029,781,1,1,1436.398,0,3
40203029,782,0,1,41.53715,1,8
40203029,782,1,1,84.0431,1,7
40203030,783,0,1,68.87326,0,3
40203030,783,1,1,157.8835,0,7
40203030,784,0,1,37.30852,0,11
40203030,784,1,1,444.4504,0,7
40203030,785,0,1,295.9823,0,14
40203030,785,1,1,1292.803,0,8
40203031,786,0,1,300.1891,0,4
40203031,786,1,1,2174.369,0,3
40203031,787,0,1,43.43307,0,5
40203031,787,1,1,71.99065,0,5
40203031,788,0,1,59.31216,0,5
40203031,788,1,1,421.2266,0,6
40203031,789,0,1,117.4954,0,4
40203031,789,1,1,364.6717,0,2
40203032,790,0,1,219.5365,1,2
40203032,790,1,1,234.6766,1,2
40203032,791,0,1,81.77828,0,11
40203032,791,1,1,261.0383,0,7
40203032,792,0,1,311.9915,1,2
40203032,792,1,1,440.8274,1,4
40204010,793,0,1,133.8563,1,1
40204010,793,1,1,769.9632,1,1
40204010,794,0,1,109.081,1,2
40204010,794,1,1,6.114863,1,5
40204010,795,0,1,40.33257,0,10
40204010,795,1,1,62.68848,0,10
40204011,796,0,1,88.10471,1,2
40204011,796,1,1,5.477899,1,4
40204011,797,0,1,56.9564,0,4
40204011,797,1,1,184.7625,0,4
40204012,798,0,1,52.66092,0,7
40204012,798,1,1,15.78145,0,9
40204012,799,0,1,130.9196,1,4
40204012,799,1,1,23.69881,1,5
40204012,800,0,1,26.6997,0,5
40204012,800,1,1,13.48139,0,5
40204013,801,0,1,103.4573,1,7
40204013,801,1,1,25.06457,1,8
40204013,802,0,1,42.11044,1,3
40204013,802,1,1,76.89077,1,7
40204013,803,0,1,12.60898,0,6
40204013,803,1,1,703.7163,0,5
40204020,804,0,0,315.6529,0,6
40204020,804,1,0,310.7317,0,6
40204020,805,0,0,41.2072,0,11
40204020,805,1,0,1416.829,0,9
40204021,806,0,1,51.60973,1,4
40204021,806,1,1,34.39611,1,4
40204021,807,0,1,115.1974,0,5
40204021,807,1,1,139.9369,0,5
40204022,808,0,1,120.3989,0,5
40204022,808,1,1,642.1638,0,3
40204022,809,0,1,121.5129,1,6
40204022,809,1,1,38.85486,1,8
40204022,810,0,1,104.9863,1,3
40204022,810,1,1,47.56005,1,3
40204023,811,0,0,142.5614,0,4
40204023,811,1,0,2550.293,0,5
40204023,812,0,0,633.0472,0,5
40204023,812,1,0,189.7523,0,5
40204023,813,0,0,297.8658,0,6
40204023,813,1,0,957.3772,0,4
40204024,814,0,1,36.84254,0,6
40204024,814,1,1,165.3718,0,6
40204024,815,0,1,330.51,0,7
40204024,815,1,1,251.2033,0,6
40204024,816,0,1,886.8372,0,3
40204024,816,1,1,50.33054,0,3
40204025,817,0,1,120.623,0,7
40204025,817,1,1,7.20591,0,4
40204025,818,0,1,67.58015,0,6
40204025,818,1,1,26.55381,0,6
40204025,819,0,1,544.9422,0,4
40204025,819,1,1,696.4367,0,2
40204026,820,0,0,47.69025,0,4
40204026,820,1,0,152.1295,0,4
40204026,821,0,0,72.8905,1,2
40204026,821,1,0,218.6707,1,2
40204026,822,0,0,79.75212,0,3
40204026,822,1,0,54.71957,0,3
40204026,823,0,0,241.5402,1,3
40204026,823,1,0,297.5754,1,3
40204027,824,0,0,90.14107,0,4
40204027,824,1,0,211.227,0,5
40204027,825,0,0,157.2805,1,3
40204027,825,1,0,6.649699,1,6
40204027,826,0,0,290.1979,0,2
40204027,826,1,0,252.3123,0,3
40204027,827,0,0,107.9362,0,7
40204027,827,1,0,77.30157,0,8
40204028,828,0,0,459.6621,0,4
40204028,828,1,0,1970.262,0,4
40204028,829,0,0,13.8256,0,3
40204028,829,1,0,31.3329,0,3
40204028,830,0,0,104.9146,0,5
40204028,830,1,0,172.2279,0,4
40204029,831,0,0,27.51492,0,10
40204029,831,1,0,547.5672,0,10
40204029,832,0,0,47.22915,1,4
40204029,832,1,0,126.7258,1,2
40204029,833,0,0,24.7093,0,9
40204029,833,1,0,1416.829,0,9
40204029,834,0,0,150.2087,1,2
40204029,834,1,0,278.0383,1,2
40204029,835,0,0,31.779,0,4
40204029,835,1,0,9.541223,0,7
40301010,836,0,1,49.15415,0,6
40301010,836,1,1,391.7768,0,6
40301010,837,0,1,304.5503,1,1
40301010,837,1,1,186.5033,1,1
40301010,838,0,1,478.9102,0,2
40301010,838,1,1,1013.303,0,2
40301010,839,0,1,343.5035,0,3
40301010,839,1,1,783.5386,0,1
40301011,840,0,0,184.8539,0,12
40301011,840,1,0,255.6105,0,12
40301011,841,0,0,853.3488,0,3
40301011,841,1,0,461.88,0,5
40301011,842,0,0,152.3477,0,8
40301011,842,1,0,301.2199,0,7
40301012,843,0,1,71.09571,0,9
40301012,843,1,1,110.2104,0,4
40301012,844,0,1,259.3135,0,3
40301012,844,1,1,85.11253,0,3
40301012,845,0,1,344.8171,0,2
40301012,845,1,1,366.6939,0,2
40301013,846,0,1,263.3133,0,4
40301013,846,1,1,99.31533,0,5
40301013,847,0,1,58.64094,0,3
40301013,847,1,1,229.8128,0,3
40301014,848,0,1,63.74656,0,7
40301014,848,1,1,163.6833,0,7
40301014,849,0,1,412.9234,0,2
40301014,849,1,1,190.0876,0,2
40301015,850,0,1,246.8468,1,1
40301015,850,1,1,902.5822,1,1
40301015,851,0,1,72.0965,0,6
40301015,851,1,1,37.9426,0,7
40301015,852,0,1,278.4423,0,2
40301015,852,1,1,281.7035,0,2
40301015,853,0,1,129.877,0,2
40301015,853,1,1,711.2589,0,2
40301016,854,0,1,44.39483,0,5
40301016,854,1,1,781.6512,0,3
40301016,855,0,1,396.6197,0,6
40301016,855,1,1,38.64666,0,3
40301016,856,0,1,593.4363,1,2
40301016,856,1,1,295.8385,1,1
40301017,857,0,1,680.9402,0,5
40301017,857,1,1,109.7385,0,5
40301017,858,0,1,70.03945,0,6
40301017,858,1,1,188.3201,0,7
40301017,859,0,1,319.0507,0,2
40301017,859,1,1,301.7136,0,1
40301017,860,0,1,457.5389,0,1
40301017,860,1,1,366.2802,0,1
40301018,861,0,1,190.8409,1,2
40301018,861,1,1,152.7442,1,2
40301018,862,0,1,134.3801,0,6
40301018,862,1,1,4.314046,0,3
40301018,863,0,1,325.6613,0,3
40301018,863,1,1,67.40697,0,3
40301019,864,0,0,148.1669,1,2
40301019,864,1,0,618.4126,1,2
40301019,865,0,0,352.7019,1,3
40301019,865,1,0,89.66982,1,2
40301019,866,0,0,248.1071,0,4
40301019,866,1,0,2211.772,0,4
40301020,867,0,1,375.0531,0,1
40301020,867,1,1,142.3269,0,1
40301020,868,0,1,34.7732,1,4
40301020,868,1,1,21.13047,1,3
40301021,869,0,0,37.82694,1,2
40301021,869,1,0,173.7739,1,2
40301021,870,0,0,131.0398,0,5
40301021,870,1,0,2.314075,0,6
40301021,871,0,0,165.7446,0,9
40301021,871,1,0,279.0277,0,5
40301022,872,0,0,248.9595,0,2
40301022,872,1,0,253.3114,0,3
40301022,873,0,0,65.06039,1,2
40301022,873,1,0,399.8227,1,1
40301022,874,0,0,92.21638,0,4
40301022,874,1,0,32.60228,0,4
40302010,875,0,0,305.9857,0,5
40302010,875,1,0,311.8654,0,4
40302010,876,0,0,108.2315,0,6
40302010,876,1,0,3.256973,0,6
40302011,877,0,0,41.63163,0,7
40302011,877,1,0,1439.783,0,4
40302011,878,0,0,284.1415,0,3
40302011,878,1,0,406.9673,0,6
40302012,879,0,0,217.0045,0,4
40302012,879,1,0,329.4058,0,3
40302012,880,0,0,118.9374,1,2
40302012,880,1,0,2083.468,1,3
40302012,881,0,0,273.0993,0,4
40302012,881,1,0,169.8081,0,6
40302012,882,0,0,280.2895,0,2
40302012,882,1,0,194.7541,0,4
40302013,883,0,0,99.95157,0,6
40302013,883,1,0,75.8304,0,7
40302014,884,0,1,107.6526,1,2
40302014,884,1,1,247.1424,1,2
40302014,885,0,1,125.6482,0,4
40302014,885,1,1,76.50691,0,4
40302014,886,0,1,225.4879,1,2
40302014,886,1,1,7.251342,1,2
40302015,887,0,0,48.7205,1,1
40302015,887,1,0,47.61777,1,2
40302015,888,0,0,35.14674,0,6
40302015,888,1,0,14.42637,0,5
40302015,889,0,0,342.2918,0,2
40302015,889,1,0,232.5231,0,2
40302016,890,0,1,159.873,0,1
40302016,890,1,1,64.71069,0,1
40302016,891,0,1,85.11057,0,6
40302016,891,1,1,109.4796,0,6
40302016,892,0,1,191.4955,0,6
40302016,892,1,1,1267.7,0,6
40302016,893,0,1,114.9449,0,6
40302016,893,1,1,44.00327,0,5
40303010,894,0,0,123.1162,0,7
40303010,894,1,0,368.7717,0,7
40303010,895,0,0,543.7792,1,1
40303010,895,1,0,88.06195,1,5
40303010,896,0,0,263.6078,0,8
40303010,896,1,0,24.71747,0,13
40303011,897,0,0,409.5935,1,2
40303011,897,1,0,454.8424,1,4
40303011,898,0,0,417.7307,1,1
40303011,898,1,0,250.3334,1,1
40303011,899,0,0,46.07863,1,14
40303011,899,1,0,296.838,1,5
40303012,900,0,1,234.9948,0,3
40303012,900,1,1,108.8992,0,2
40303012,901,0,1,98.73433,0,7
40303012,901,1,1,830.2999,0,7
40303012,902,0,1,210.0292,0,6
40303012,902,1,1,168.5174,0,6
40303012,903,0,1,286.9656,0,3
40303012,903,1,1,254.1243,0,2
40303013,904,0,1,193.5888,0,4
40303013,904,1,1,310.0721,0,1
40303013,905,0,1,46.21372,0,9
40303013,905,1,1,152.8714,0,7
40303013,906,0,1,92.33824,0,3
40303013,906,1,1,80.79848,0,3
40303013,907,0,1,73.96021,1,6
40303013,907,1,1,105.1325,1,5
40303014,908,0,1,52.74021,0,8
40303014,908,1,1,20.90158,0,6
40303014,909,0,1,1223.251,0,1
40303014,909,1,1,639.0181,0,1
40303014,910,0,1,59.03516,0,6
40303014,910,1,1,146.9472,0,3
40303014,911,0,1,244.2744,0,2
40303014,911,1,1,2230.721,0,3
40303015,912,0,0,52.15075,1,4
40303015,912,1,0,7.028747,1,3
40303015,913,0,0,125.9336,0,3
40303015,913,1,0,185.0785,0,5
40303015,914,0,0,560.2797,0,2
40303015,914,1,0,380.3237,0,2
40303016,915,0,1,268.4439,0,1
40303016,915,1,1,66.45677,0,2
40303016,916,0,1,61.4195,1,5
40303016,916,1,1,50.1561,1,2
40303016,917,0,1,82.44559,0,6
40303016,917,1,1,145.7297,0,6
40303016,918,0,1,91.1079,1,7
40303016,918,1,1,111.2565,1,3
40303017,919,0,1,540.1664,0,4
40303017,919,1,1,242.3424,0,5
40303017,920,0,1,1021.787,1,2
40303017,920,1,1,507.1515,1,2
40303017,921,0,1,254.0498,0,6
40303017,921,1,1,3474.774,0,4
40303017,922,0,1,80.64654,1,2
40303017,922,1,1,138.8584,1,2
40303018,923,0,1,201.0075,0,1
40303018,923,1,1,209.7705,0,2
40303018,924,0,1,171.9507,0,4
40303018,924,1,1,738.4434,0,4
40303018,925,0,1,63.25754,0,5
40303018,925,1,1,93.84499,0,2
40303018,926,0,1,68.78973,1,4
40303018,926,1,1,211.8121,1,3
40303019,927,0,1,201.7643,0,4
40303019,927,1,1,66.26578,0,6
40303019,928,0,1,1280.918,1,1
40303019,928,1,1,103.1883,1,1
40303019,929,0,1,59.75247,0,4
40303019,929,1,1,99.76231,0,4
40303019,930,0,1,332.0566,0,1
40303019,930,1,1,112.2705,0,1
40303020,931,0,1,69.5286,0,6
40303020,931,1,1,33.79253,0,5
40303020,932,0,1,157.9696,0,6
40303020,932,1,1,158.1152,0,4
40303020,933,0,1,86.83572,0,4
40303020,933,1,1,235.0611,0,4
40401010,934,0,0,78.1458,0,2
40401010,934,1,0,2048.267,0,5
40401010,935,0,0,62.37532,0,4
40401010,935,1,0,396.7411,0,6
40401010,936,0,0,71.53251,1,9
40401010,936,1,0,105.9853,1,6
40401010,937,0,0,38.27091,0,8
40401010,937,1,0,95.41693,0,6
40401010,938,0,0,34.7377,0,6
40401010,938,1,0,512.9523,0,10
40401011,939,0,1,94.20445,0,11
40401011,939,1,1,535.7566,0,9
40401011,940,0,1,173.3405,0,5
40401011,940,1,1,1381.65,0,7
40401012,941,0,0,69.72014,0,5
40401012,941,1,0,509.2792,0,7
40401012,942,0,0,27.90813,1,8
40401012,942,1,0,37.4824,1,6
40401012,943,0,0,189.7668,1,2
40401012,943,1,0,450.8228,1,2
40401012,944,0,0,11.77999,1,2
40401012,944,1,0,84.92866,1,3
40402010,945,0,0,104.7274,0,3
40402010,945,1,0,219.0005,0,6
40402010,946,0,0,31.08176,0,10
40402010,946,1,0,74.40843,0,7
40402010,947,0,0,112.8368,0,1
40402010,947,1,0,69.75694,0,1
40402010,948,0,0,281.4239,0,3
40402010,948,1,0,182.8957,0,3
40402011,949,0,0,52.96025,0,6
40402011,949,1,0,532.4532,0,6
40402011,950,0,0,79.50746,0,9
40402011,950,1,0,168.3891,0,4
40402012,951,0,0,151.8078,0,4
40402012,951,1,0,321.5127,0,4
40402012,952,0,0,84.70655,0,2
40402012,952,1,0,230.0495,0,2
40402013,953,0,1,50.20108,0,7
40402013,953,1,1,32.35535,0,5
40402013,954,0,1,828.7504,0,5
40402013,954,1,1,738.5116,0,5
40402013,955,0,1,60.31973,0,5
40402013,955,1,1,11.45564,0,5
40402014,956,0,1,492.4021,0,4
40402014,956,1,1,201.7491,0,4
40402014,957,0,1,1419.741,0,1
40402014,957,1,1,376.9398,0,4
40402014,958,0,1,74.85028,1,2
40402014,958,1,1,31.21128,1,2
40402015,959,0,1,15.04195,0,8
40402015,959,1,1,124.9092,0,8
40402015,960,0,1,127.5905,0,7
40402015,960,1,1,188.2522,0,7
40402015,961,0,1,80.64654,1,2
40402015,961,1,1,17.79256,1,1
40402015,962,0,1,198.0373,1,2
40402015,962,1,1,156.6934,1,1
40402016,963,0,0,156.2916,0,1
40402016,963,1,0,148.419,0,1
40402016,964,0,0,173.6285,0,4
40402016,964,1,0,669.0729,0,2
40402016,965,0,0,21.54112,0,4
40402016,965,1,0,212.1567,0,6
40402016,966,0,0,60.56139,1,4
40402016,966,1,0,133.4947,1,3
40403010,967,0,0,28.86622,0,10
40403010,967,1,0,16.46968,0,10
40403010,968,0,0,1239.242,1,1
40403010,968,1,0,290.2612,1,1
40403010,969,0,0,589.1845,0,3
40403010,969,1,0,248.3545,0,3
40403011,970,0,0,58.26751,1,3
40403011,970,1,0,163.4063,1,1
40403011,971,0,0,244.8597,0,6
40403011,971,1,0,471.5406,0,5
40403011,972,0,0,37.49071,0,5
40403011,972,1,0,384.6625,0,7
40403011,973,0,0,115.8324,1,2
40403011,973,1,0,358.0609,1,2
40403012,974,0,0,54.42897,0,7
40403012,974,1,0,539.4103,0,4
40403012,975,0,0,23.08716,0,8
40403012,975,1,0,102.0381,0,7
40403012,976,0,0,82.88451,1,3
40403012,976,1,0,108.5932,1,5
40403012,977,0,0,172.3211,0,3
40403012,977,1,0,164.0388,0,5
40403013,978,0,1,103.4885,0,4
40403013,978,1,1,102.9412,0,4
40403013,979,0,1,194.0137,0,5
40403013,979,1,1,140.0915,0,2
40403013,980,0,1,40.0211,0,7
40403013,980,1,1,40.96481,0,6
40403013,981,0,1,267.7642,1,1
40403013,981,1,1,129.9409,1,1
40403014,982,0,1,47.33625,0,6
40403014,982,1,1,112.8691,0,6
40403014,983,0,1,341.2437,1,1
40403014,983,1,1,63.69649,1,1
40403015,984,0,1,125.1193,1,1
40403015,984,1,1,102.015,1,1
40403015,985,0,1,179.319,0,4
40403015,985,1,1,914.9576,0,5
40403015,986,0,1,54.99218,1,1
40403015,986,1,1,6.913024,1,1
40403016,987,0,0,118.8037,0,6
40403016,987,1,0,119.7659,0,6
40403016,988,0,0,301.4528,1,1
40403016,988,1,0,11.13143,1,1
40403016,989,0,0,278.4236,1,2
40403016,989,1,0,49.473,1,1
40403016,990,0,0,846.0013,1,2
40403016,990,1,0,878.4385,1,6
40403017,991,0,1,59.29232,0,6
40403017,991,1,1,125.6466,0,5
40403017,992,0,1,1035.938,0,4
40403017,992,1,1,13899.1,0,1
40403017,993,0,1,597.4063,1,1
40403017,993,1,1,151.5977,1,1
40404010,994,0,1,236.6537,0,1
40404010,994,1,1,772.0345,0,3
40404010,995,0,1,103.8627,0,4
40404010,995,1,1,1635.875,0,4
40404010,996,0,1,115.1871,1,1
40404010,996,1,1,7.643579,1,1
40404011,997,0,0,155.8504,0,2
40404011,997,1,0,25.72452,0,3
40404011,998,0,0,64.26807,1,10
40404011,998,1,0,21.40828,1,10
40404011,999,0,0,97.37228,0,7
40404011,999,1,0,22.19441,0,7
40404011,1000,0,0,312.9789,0,6
40404011,1000,1,0,289.1697,0,5
40404012,1001,0,0,74.02138,0,3
40404012,1001,1,0,483.6156,0,4
40404012,1002,0,0,227.6459,0,1
40404012,1002,1,0,136.0963,0,1
40404013,1003,0,0,275.6103,0,5
40404013,1003,1,0,592.934,0,2
40404013,1004,0,0,86.36343,1,4
40404013,1004,1,0,84.70532,1,5
40404013,1005,0,0,429.0407,0,3
40404013,1005,1,0,123.0071,0,2
40404013,1006,0,0,161.2931,1,1
40404013,1006,1,0,64.06754,1,2
40404014,1007,0,1,69.23525,1,7
40404014,1007,1,1,146.138,1,7
40404014,1008,0,1,661.1008,0,3
40404014,1008,1,1,229.1407,0,3
40404014,1009,0,1,265.0434,0,3
40404014,1009,1,1,250.3495,0,3
40404014,1010,0,1,77.29107,0,2
40404014,1010,1,1,.8088836,0,7
40404015,1011,0,0,661.8738,1,1
40404015,1011,1,0,120.208,1,1
40404015,1012,0,0,112.7308,1,4
40404015,1012,1,0,736.8386,1,4
40404015,1013,0,0,102.8645,1,5
40404015,1013,1,0,128.2112,1,7
40404015,1014,0,0,120.3138,0,9
40404015,1014,1,0,118.7352,0,9
40404016,1015,0,1,136.0358,0,4
40404016,1015,1,1,32.80473,0,3
40404016,1016,0,1,155.3566,1,5
40404016,1016,1,1,52.87981,1,5
40404016,1017,0,1,125.5109,0,4
40404016,1017,1,1,1.819988,0,4
40404016,1018,0,1,35.39066,0,5
40404016,1018,1,1,316.8127,0,5
40404017,1019,0,1,691.4775,0,3
40404017,1019,1,1,58.19468,0,3
40404017,1020,0,1,96.8375,0,7
40404017,1020,1,1,70.44028,0,8
40404017,1021,0,1,214.082,0,9
40404017,1021,1,1,92.1267,0,10
40404017,1022,0,1,93.03497,1,2
40404017,1022,1,1,146.5869,1,3
40404018,1023,0,0,205.0089,0,4
40404018,1023,1,0,80.72725,0,4
40404019,1024,0,0,157.4556,1,1
40404019,1024,1,0,91.77242,1,2
40404019,1025,0,0,190.3043,0,3
40404019,1025,1,0,429.7555,0,3
40404019,1026,0,0,59.18121,0,4
40404019,1026,1,0,681.0784,0,3
40404020,1027,0,0,43.91547,0,8
40404020,1027,1,0,29.06539,0,6
40404020,1028,0,0,50.50277,1,6
40404020,1028,1,0,90.36237,1,6
40501010,1029,0,0,94.1849,0,7
40501010,1029,1,0,56.36389,0,7
40501010,1030,0,0,35.59271,1,4
40501010,1030,1,0,52.85366,1,6
40501010,1031,0,0,84.94578,0,1
40501010,1031,1,0,200.4281,0,1
40501010,1032,0,0,126.2844,0,5
40501010,1032,1,0,570.7536,0,6
40501011,1033,0,1,54.04993,1,3
40501011,1033,1,1,82.46573,1,3
40501011,1034,0,1,107.2034,1,6
40501011,1034,1,1,222.5131,1,6
40501011,1035,0,1,170.2475,1,1
40501011,1035,1,1,769.4536,1,1
40501011,1036,0,1,82.18999,0,6
40501011,1036,1,1,29.46647,0,7
40501012,1037,0,0,47.45053,0,6
40501012,1037,1,0,48.82996,0,5
40501012,1038,0,0,278.6301,0,1
40501012,1038,1,0,2.438752,0,6
40501012,1039,0,0,219.8177,0,7
40501012,1039,1,0,235.4443,0,6
40501012,1040,0,0,378.6289,1,1
40501012,1040,1,0,180.4403,1,1
40501013,1041,0,1,129.5045,1,2
40501013,1041,1,1,41.80372,1,2
40501013,1042,0,1,148.0457,1,5
40501013,1042,1,1,431.83,1,7
40501013,1043,0,1,1.790708,0,4
40501013,1043,1,1,975.5219,0,2
40501014,1044,0,0,279.0457,0,4
40501014,1044,1,0,105.1301,0,2
40501014,1045,0,0,23.58371,0,7
40501014,1045,1,0,8.039363,0,6
40501014,1046,0,0,75.04438,1,4
40501014,1046,1,0,11.89738,1,4
40501014,1047,0,0,537.2781,0,2
40501014,1047,1,0,23.99441,0,1
40501015,1048,0,0,37.8446,0,6
40501015,1048,1,0,55.57033,0,4
40501015,1049,0,0,84.97449,0,6
40501015,1049,1,0,33.465,0,7
40501015,1050,0,0,115.6126,1,2
40501015,1050,1,0,83.85674,1,1
40501015,1051,0,0,103.7517,1,2
40501015,1051,1,0,577.1451,1,2
40501016,1052,0,0,197.4384,0,2
40501016,1052,1,0,71.0632,0,1
40501016,1053,0,0,41.78351,1,6
40501016,1053,1,0,48.01648,1,2
40501016,1054,0,0,190.9028,1,2
40501016,1054,1,0,2097.903,1,1
40501016,1055,0,0,71.15717,0,2
40501016,1055,1,0,79.15681,0,1
40501017,1056,0,0,15.95466,0,8
40501017,1056,1,0,194.4908,0,8
40501017,1057,0,0,85.37531,1,4
40501017,1057,1,0,534.6177,1,4
40501017,1058,0,0,482.9884,0,4
40501017,1058,1,0,194.1815,0,2
40501017,1059,0,0,194.184,0,4
40501017,1059,1,0,198.3378,0,6
40501018,1060,0,1,406.4007,0,2
40501018,1060,1,1,341.6185,0,5
40501018,1061,0,1,100.354,0,4
40501018,1061,1,1,61.57248,0,7
40501018,1062,0,1,9.848449,0,8
40501018,1062,1,1,139.3077,0,6
40501018,1063,0,1,345.3127,0,12
40501018,1063,1,1,343.9414,0,11
40501019,1064,0,0,72.80648,0,3
40501019,1064,1,0,425.4679,0,1
40501019,1065,0,0,484.9156,0,1
40501019,1065,1,0,530.2657,0,1
40501019,1066,0,0,386.3529,1,1
40501019,1066,1,0,688.4169,1,2
40501019,1067,0,0,86.29781,0,4
40501019,1067,1,0,23.16986,0,6
40502010,1068,0,1,75.05444,0,4
40502010,1068,1,1,399.7233,0,4
40502010,1069,0,1,329.1082,1,2
40502010,1069,1,1,489.1891,1,2
40502010,1070,0,1,62.43419,0,5
40502010,1070,1,1,67.1945,0,3
40502011,1071,0,1,40.8108,0,7
40502011,1071,1,1,468.0696,0,6
40502011,1072,0,1,41.56768,0,10
40502011,1072,1,1,2473.836,0,4
40502011,1073,0,1,261.2973,1,5
40502011,1073,1,1,362.5604,1,5
40502011,1074,0,1,97.33234,0,6
40502011,1074,1,1,168.9092,0,7
40502012,1075,0,1,73.98874,0,7
40502012,1075,1,1,157.1623,0,7
40502012,1076,0,1,334.2654,0,3
40502012,1076,1,1,6.291317,0,3
40502012,1077,0,1,2071.876,1,2
40502012,1077,1,1,2366.325,1,2
40502013,1078,0,0,53.43071,0,6
40502013,1078,1,0,359.4658,0,6
40502013,1079,0,0,258.4821,1,5
40502013,1079,1,0,29.4011,1,7
40502013,1080,0,0,160.8219,0,8
40502013,1080,1,0,182.4317,0,8
40502014,1081,0,0,51.03476,0,5
40502014,1081,1,0,87.22091,0,5
40502014,1082,0,0,82.31858,0,4
40502014,1082,1,0,225.7206,0,8
40502014,1083,0,0,60.53278,0,6
40502014,1083,1,0,61.71105,0,1
40502014,1084,0,0,366.651,0,1
40502014,1084,1,0,874.6827,0,1
40502015,1085,0,0,127.0164,0,6
40502015,1085,1,0,50.39249,0,8
40502015,1086,0,0,86.259,0,3
40502015,1086,1,0,43.60712,0,7
40502015,1087,0,0,267.5801,0,4
40502015,1087,1,0,98.51135,0,2
40502015,1088,0,0,88.5736,0,5
40502015,1088,1,0,33.95917,0,3
40502016,1089,0,0,206.8634,0,3
40502016,1089,1,0,991.5627,0,4
40502016,1090,0,0,177.4102,1,1
40502016,1090,1,0,791.5681,1,1
40502016,1091,0,0,95.95198,0,7
40502016,1091,1,0,33.52149,0,6
40502017,1092,0,0,128.931,0,5
40502017,1092,1,0,860.3355,0,1
40502017,1093,0,0,118.68,0,2
40502017,1093,1,0,407.2391,0,2
40502017,1094,0,0,71.99751,0,6
40502017,1094,1,0,254.9715,0,4
40502017,1095,0,0,204.0848,0,8
40502017,1095,1,0,51.07668,0,4
40502018,1096,0,0,37.54514,1,6
40502018,1096,1,0,123.9652,1,7
40502018,1097,0,0,172.5197,1,2
40502018,1097,1,0,274.0186,1,4
40502018,1098,0,0,130.5823,1,4
40502018,1098,1,0,80.64099,1,8
40502019,1099,0,0,86.84283,0,5
40502019,1099,1,0,251.1625,0,7
40502019,1100,0,0,137.6129,0,4
40502019,1100,1,0,129.3262,0,6
40502020,1101,0,0,109.3617,0,2
40502020,1101,1,0,42.67047,0,2
40502020,1102,0,0,70.65673,0,5
40502020,1102,1,0,123.4764,0,6
40502020,1103,0,0,54.52563,0,7
40502020,1103,1,0,37.10476,0,7
40502020,1104,0,0,75.14119,0,7
40502020,1104,1,0,206.5498,0,6
40502021,1105,0,1,100.7471,1,3
40502021,1105,1,1,25.4786,1,2
40502021,1106,0,1,63.16418,1,4
40502021,1106,1,1,11.16421,1,2
40502021,1107,0,1,50.14511,0,4
40502021,1107,1,1,53.38632,0,5
40503010,1108,0,0,86.54114,1,6
40503010,1108,1,0,502.4602,1,4
40503010,1109,0,0,148.9529,0,2
40503010,1109,1,0,19.24104,0,2
40503010,1110,0,0,41.92131,0,6
40503010,1110,1,0,278.3475,0,4
40503011,1111,0,0,74.66071,0,7
40503011,1111,1,0,25.38715,0,7
40503011,1112,0,0,277.0564,1,1
40503011,1112,1,0,627.0704,1,1
40503011,1113,0,0,26.28759,1,1
40503011,1113,1,0,1192.812,1,2
40503011,1114,0,0,191.3478,0,6
40503011,1114,1,0,640.0323,0,5
40503012,1115,0,0,363.5077,0,5
40503012,1115,1,0,205.841,0,6
40503012,1116,0,0,449.8217,0,7
40503012,1116,1,0,25.00007,0,2
40503012,1117,0,0,257.4881,0,8
40503012,1117,1,0,293.5934,0,8
40503013,1118,0,0,117.627,1,7
40503013,1118,1,0,640.1174,1,4
40503013,1119,0,0,165.5773,1,1
40503013,1119,1,0,267.425,1,3
40503013,1120,0,0,676.6846,0,5
40503013,1120,1,0,443.9122,0,6
40503014,1121,0,1,633.9387,0,3
40503014,1121,1,1,14.15546,0,6
40503014,1122,0,1,75.32236,0,5
40503014,1122,1,1,2635.163,0,3
40503014,1123,0,1,71.29748,1,3
40503014,1123,1,1,243.5342,1,3
40503015,1124,0,1,199.8874,0,2
40503015,1124,1,1,45.65078,0,2
40503015,1125,0,1,179.9187,1,1
40503015,1125,1,1,101.3006,1,1
40503015,1126,0,1,471.9809,0,2
40503015,1126,1,1,240.5431,0,2
40503016,1127,0,0,42.96322,1,4
40503016,1127,1,0,15.46031,1,6
40503016,1128,0,0,22.25997,0,6
40503016,1128,1,0,12.82175,0,6
40503017,1129,0,0,344.775,0,6
40503017,1129,1,0,160.8054,0,6
40503017,1130,0,0,81.76015,0,6
40503017,1130,1,0,76.82451,0,7
40503018,1131,0,1,192.2249,0,6
40503018,1131,1,1,169.6409,0,6
40503018,1132,0,1,320.8577,0,1
40503018,1132,1,1,173.91,0,3
40503018,1133,0,1,123.8477,0,7
40503018,1133,1,1,125.9547,0,7
40504010,1134,0,0,745.2108,0,1
40504010,1134,1,0,300.8577,0,4
40504010,1135,0,0,828.7289,1,1
40504010,1135,1,0,76.03062,1,2
40504010,1136,0,0,23.37372,0,8
40504010,1136,1,0,73.87589,0,5
40504011,1137,0,0,249.4526,0,5
40504011,1137,1,0,81.87782,0,5
40504011,1138,0,0,383.165,1,1
40504011,1138,1,0,78.20342,1,2
40504011,1139,0,0,78.93882,0,5
40504011,1139,1,0,27.33384,0,4
40504012,1140,0,0,104.1184,1,2
40504012,1140,1,0,129.3719,1,2
40504012,1141,0,0,90.64706,0,8
40504012,1141,1,0,122.9095,0,8
40504012,1142,0,0,11.93805,1,2
40504012,1142,1,0,26.59174,1,6
40504012,1143,0,0,134.8387,0,9
40504012,1143,1,0,1589.158,0,8
40504013,1144,0,1,82.58572,0,6
40504013,1144,1,1,236.1041,0,6
40504013,1145,0,1,211.2952,0,2
40504013,1145,1,1,57.28121,0,3
40504014,1146,0,0,68.36559,0,3
40504014,1146,1,0,21.7596,0,4
40504014,1147,0,0,16.09954,1,2
40504014,1147,1,0,232.2078,1,2
40504014,1148,0,0,685.9736,1,1
40504014,1148,1,0,1012.127,1,1
40504015,1149,0,1,65.49383,0,4
40504015,1149,1,1,181.9988,0,4
40504015,1150,0,1,104.0924,0,6
40504015,1150,1,1,168.132,0,7
40504016,1151,0,0,590.6764,1,2
40504016,1151,1,0,822.3444,1,2
40504016,1152,0,0,118.0619,0,8
40504016,1152,1,0,540.8621,0,7
40504017,1153,0,1,100.7063,0,5
40504017,1153,1,1,112.2551,0,3
40504017,1154,0,1,198.0187,1,2
40504017,1154,1,1,62.80474,1,2
40504017,1155,0,1,51.4907,1,5
40504017,1155,1,1,77.42637,1,6
40504018,1156,0,0,148.1784,0,6
40504018,1156,1,0,140.5858,0,6
40504018,1157,0,0,98.95139,0,4
40504018,1157,1,0,143.6779,0,6
40504018,1158,0,0,922.1077,0,4
40504018,1158,1,0,343.4663,0,6
40504019,1159,0,0,748.67,0,4
40504019,1159,1,0,400.2502,0,5
40504019,1160,0,0,379.5825,1,4
40504019,1160,1,0,366.4095,1,4
40504019,1161,0,0,95.20872,1,5
40504019,1161,1,0,581.356,1,1
40504020,1162,0,0,172.7522,1,1
40504020,1162,1,0,24.02526,1,8
40504020,1163,0,0,106.1096,0,5
40504020,1163,1,0,274.266,0,4
40504020,1164,0,0,278.9692,0,4
40504020,1164,1,0,1988.444,0,5
40504020,1165,0,0,74.4025,1,4
40504020,1165,1,0,199.0246,1,5
40504021,1166,0,0,280.1401,1,2
40504021,1166,1,0,209.6417,1,3
40504021,1167,0,0,58.22269,1,4
40504021,1167,1,0,4.985545,1,4
40504021,1168,0,0,41.94491,0,6
40504021,1168,1,0,242.1085,0,4
40504021,1169,0,0,144.2045,1,3
40504021,1169,1,0,74.20951,1,3
40504022,1170,0,0,495.8315,0,8
40504022,1170,1,0,213.0431,0,8
40504022,1171,0,0,105.0435,0,6
40504022,1171,1,0,76.43579,0,5
40504022,1172,0,0,130.585,0,4
40504022,1172,1,0,159.2948,0,4
40504023,1173,0,1,65.25892,0,3
40504023,1173,1,1,174.8376,0,1
40504023,1174,0,1,45.48177,1,8
40504023,1174,1,1,324.8521,1,6
40504023,1175,0,1,40.32327,0,4
40504023,1175,1,1,373.4346,0,4
40504023,1176,0,1,68.5248,0,7
40504023,1176,1,1,3.639977,0,8
40504024,1177,0,0,49.74048,1,7
40504024,1177,1,0,121.6211,1,6
40504024,1178,0,0,118.1045,0,3
40504024,1178,1,0,119.0428,0,1
40504024,1179,0,0,97.85924,0,3
40504024,1179,1,0,219.3265,0,4
40504025,1180,0,1,134.5171,0,3
40504025,1180,1,1,392.758,0,3
40504025,1181,0,1,138.0709,0,6
40504025,1181,1,1,354.5607,0,3
40504025,1182,0,1,155.5818,0,6
40504025,1182,1,1,231.9703,0,9
40504025,1183,0,1,91.70441,1,4
40504025,1183,1,1,185.6506,1,6
40504026,1184,0,0,154.0655,0,6
40504026,1184,1,0,68.76748,0,5
40504026,1185,0,0,195.9794,0,2
40504026,1185,1,0,186.7205,0,2
40504026,1186,0,0,137.3341,0,3
40504026,1186,1,0,28.1139,0,3
40505010,1187,0,0,124.1403,0,5
40505010,1187,1,0,1059.502,0,6
40505010,1188,0,0,128.8903,0,3
40505010,1188,1,0,286.3442,0,6
40505010,1189,0,0,667.9968,0,2
40505010,1189,1,0,526.2006,0,2
40505010,1190,0,0,77.58192,0,7
40505010,1190,1,0,168.8642,0,8
40505011,1191,0,1,92.85965,0,4
40505011,1191,1,1,118.0431,0,5
40505011,1192,0,1,543.4863,0,6
40505011,1192,1,1,158.0918,0,9
40505011,1193,0,1,39.54953,1,6
40505011,1193,1,1,16.50382,1,6
40505011,1194,0,1,965.1371,0,3
40505011,1194,1,1,323.816,0,5
40505012,1195,0,1,60.14329,0,7
40505012,1195,1,1,133.5501,0,6
40505012,1196,0,1,52.21954,0,7
40505012,1196,1,1,218.1562,0,6
40505012,1197,0,1,61.91409,1,5
40505012,1197,1,1,146.7567,1,5
40505013,1198,0,0,59.01576,0,9
40505013,1198,1,0,188.9594,0,9
40505013,1199,0,0,58.04298,0,6
40505013,1199,1,0,21.75776,0,6
40505013,1200,0,0,158.7838,1,3
40505013,1200,1,0,8.410411,1,1
40505014,1201,0,0,167.0346,1,1
40505014,1201,1,0,83.4857,1,2
40505014,1202,0,0,112.7919,0,3
40505014,1202,1,0,850.0263,0,4
40505014,1203,0,0,33.52771,0,7
40505014,1203,1,0,59.80583,0,6
40505015,1204,0,0,121.6795,0,8
40505015,1204,1,0,329.6139,0,4
40505015,1205,0,0,236.3044,0,5
40505015,1205,1,0,57.95409,0,7
40505015,1206,0,0,68.31956,1,6
40505015,1206,1,0,17.52169,1,12
40505016,1207,0,0,193.8181,1,1
40505016,1207,1,0,496.9564,1,1
40505016,1208,0,0,381.8941,1,1
40505016,1208,1,0,86.34848,1,3
40505016,1209,0,0,192.3695,0,1
40505016,1209,1,0,189.729,0,1
40505016,1210,0,0,124.8727,0,3
40505016,1210,1,0,165.5697,0,3
40505017,1211,0,0,227.6456,0,3
40505017,1211,1,0,316.9818,0,3
40505017,1212,0,0,202.0122,0,3
40505017,1212,1,0,19.04711,0,3
40505017,1213,0,0,51.57518,0,8
40505017,1213,1,0,13.78918,0,8
40505017,1214,0,0,69.86898,1,2
40505017,1214,1,0,7.42095,1,1
40505018,1215,0,1,306.7105,0,4
40505018,1215,1,1,1488.009,0,4
40505018,1216,0,1,40.77912,1,5
40505018,1216,1,1,122.8068,1,5
40505018,1217,0,1,79.45012,0,4
40505018,1217,1,1,44.55305,0,5
40505018,1218,0,1,579.1035,0,3
40505018,1218,1,1,2266.206,0,2
40505019,1219,0,1,201.7911,0,7
40505019,1219,1,1,40.78122,0,8
40505019,1220,0,1,90.53889,1,6
40505019,1220,1,1,85.11141,1,6
40505020,1221,0,0,147.5982,0,5
40505020,1221,1,0,299.4244,0,7
40505020,1222,0,0,51.52551,0,7
40505020,1222,1,0,150.3052,0,8
40505020,1223,0,0,66.65137,0,8
40505020,1223,1,0,14.61315,0,8
40505020,1224,0,0,224.5549,1,4
40505020,1224,1,0,260.228,1,2
40506010,1225,0,0,32.90123,0,6
40506010,1225,1,0,10.9357,0,5
40506010,1226,0,0,146.9296,1,2
40506010,1226,1,0,144.2963,1,3
40506010,1227,0,0,581.8,0,4
40506010,1227,1,0,35.85347,0,3
40506011,1228,0,1,30.99607,0,6
40506011,1228,1,1,93.35866,0,4
40506011,1229,0,1,591.9645,0,7
40506011,1229,1,1,4098.703,0,3
40506011,1230,0,1,304.3553,1,1
40506011,1230,1,1,185.9938,1,1
40506012,1231,0,0,23.77593,0,4
40506012,1231,1,0,74.56527,0,6
40506012,1232,0,0,73.54026,0,9
40506012,1232,1,0,227.65,0,10
40506012,1233,0,0,48.75388,0,4
40506012,1233,1,0,426.2099,0,5
40506012,1234,0,0,129.1319,1,3
40506012,1234,1,0,40.81523,1,2
40506013,1235,0,0,158.0519,1,4
40506013,1235,1,0,403.4523,1,5
40506013,1236,0,0,73.37797,0,5
40506013,1236,1,0,204.0761,0,2
40506014,1237,0,1,338.0815,0,3
40506014,1237,1,1,247.4649,0,3
40506014,1238,0,1,59.85986,0,3
40506014,1238,1,1,145.0598,0,6
40506015,1239,0,0,44.43571,0,5
40506015,1239,1,0,69.75694,0,5
40506015,1240,0,0,126.5319,0,7
40506015,1240,1,0,160.7873,0,7
40506015,1241,0,0,49.64765,0,5
40506015,1241,1,0,77.96945,0,5
40506015,1242,0,0,47.69087,0,5
40506015,1242,1,0,976.1024,0,5
40506016,1243,0,1,42.97089,0,5
40506016,1243,1,1,84.76102,0,4
40506016,1244,0,1,42.97881,0,6
40506016,1244,1,1,177.9544,0,6
40506017,1245,0,0,620.1407,1,1
40506017,1245,1,0,1337.023,1,4
40506017,1246,0,0,828.7504,0,5
40506017,1246,1,0,119.2221,0,6
40506017,1247,0,0,46.02567,0,10
40506017,1247,1,0,89.53206,0,10
40506018,1248,0,1,55.39856,1,4
40506018,1248,1,1,216.6916,1,3
40506018,1249,0,1,315.9561,0,5
40506018,1249,1,1,241.9641,0,5
40506018,1250,0,1,106.8246,0,3
40506018,1250,1,1,3471.459,0,1
40506018,1251,0,1,430.8276,0,3
40506018,1251,1,1,848.429,0,3
40506019,1252,0,1,134.3889,0,5
40506019,1252,1,1,4170.778,0,3
40506019,1253,0,1,18.61194,0,5
40506019,1253,1,1,4.988116,0,4
40506020,1254,0,1,324.5689,0,8
40506020,1254,1,1,1195.607,0,7
40506020,1255,0,1,51.26248,0,9
40506020,1255,1,1,2316.516,0,6
40506020,1256,0,1,59.98419,0,5
40506020,1256,1,1,13.97571,0,6
40506020,1257,0,1,176.1268,1,2
40506020,1257,1,1,82.29588,1,1
40507010,1258,0,0,10.12004,1,6
40507010,1258,1,0,44.5257,1,7
40507010,1259,0,0,74.79177,0,4
40507010,1259,1,0,50.9572,0,5
40507010,1260,0,0,216.9387,1,4
40507010,1260,1,0,188.7395,1,1
40507011,1261,0,1,56.08182,0,8
40507011,1261,1,1,341.0793,0,8
40507011,1262,0,1,43.08224,0,2
40507011,1262,1,1,822.365,0,1
40507011,1263,0,1,140.1627,0,6
40507011,1263,1,1,45.9882,0,6
40507011,1264,0,1,395.8363,0,1
40507011,1264,1,1,152.0701,0,1
40507012,1265,0,1,86.00726,1,3
40507012,1265,1,1,365.9205,1,3
40507012,1266,0,1,85.97742,1,3
40507012,1266,1,1,76.4358,1,3
40507012,1267,0,1,71.37403,1,1
40507012,1267,1,1,81.18789,1,1
40507012,1268,0,1,117.726,0,5
40507012,1268,1,1,235.5004,0,4
40507013,1269,0,1,61.10171,0,9
40507013,1269,1,1,208.7448,0,2
40507013,1270,0,1,92.31689,0,6
40507013,1270,1,1,25.92001,0,7
40507013,1271,0,1,104.3749,0,4
40507013,1271,1,1,185.7062,0,4
40507014,1272,0,1,53.67573,1,6
40507014,1272,1,1,347.4576,1,7
40507014,1273,0,1,295.2539,0,4
40507014,1273,1,1,88.61622,0,4
40507014,1274,0,1,50.40777,0,6
40507014,1274,1,1,582.531,0,6
40507014,1275,0,1,166.2455,0,2
40507014,1275,1,1,214.8934,0,4
40507015,1276,0,1,39.5549,1,6
40507015,1276,1,1,230.4561,1,6
40507015,1277,0,1,37.87746,1,5
40507015,1277,1,1,106.3719,1,4
40507015,1278,0,1,113.2493,0,4
40507015,1278,1,1,195.642,0,5
40507015,1279,0,1,204.3986,0,5
40507015,1279,1,1,161.9605,0,5
40507016,1280,0,0,35.76701,1,2
40507016,1280,1,0,53.18348,1,2
40507016,1281,0,0,75.61181,0,7
40507016,1281,1,0,63.61764,0,11
40507016,1282,0,0,140.639,0,8
40507016,1282,1,0,117.3966,0,7
40507016,1283,0,0,65.39876,1,5
40507016,1283,1,0,100.0912,1,3
40507017,1284,0,1,22.96779,1,8
40507017,1284,1,1,388.1839,1,13
40507017,1285,0,1,104.6469,0,7
40507017,1285,1,1,839.1078,0,8
40507017,1286,0,1,116.1123,1,3
40507017,1286,1,1,230.8182,1,2
40507017,1287,0,1,253.4564,0,2
40507017,1287,1,1,501.5078,0,1
40507018,1288,0,0,31.77097,1,5
40507018,1288,1,0,12.79599,1,5
40507018,1289,0,0,253.8597,0,5
40507018,1289,1,0,729.4176,0,4
40507018,1290,0,0,390.8987,0,1
40507018,1290,1,0,1504.899,0,1
40507018,1291,0,0,591.9645,0,7
40507018,1291,1,0,655.5173,0,4
40507019,1292,0,1,67.93324,0,14
40507019,1292,1,1,112.7768,0,7
40507019,1293,0,1,58.2254,1,11
40507019,1293,1,1,3116.218,1,3
40507020,1294,0,0,99.73804,1,9
40507020,1294,1,0,421.0153,1,4
40507020,1295,0,0,97.41933,0,5
40507020,1295,1,0,142.6059,0,4
40507020,1296,0,0,125.9444,0,3
40507020,1296,1,0,197.734,0,6
40507021,1297,0,1,251.9292,0,6
40507021,1297,1,1,205.9227,0,6
40507021,1298,0,1,89.72016,0,6
40507021,1298,1,1,11.84754,0,5
40507021,1299,0,1,102.59,0,5
40507021,1299,1,1,1461.383,0,4
40601010,1300,0,0,60.99957,0,5
40601010,1300,1,0,194.1001,0,3
40601010,1301,0,0,16.67264,0,7
40601010,1301,1,0,109.0804,0,4
40601010,1302,0,0,408.4066,0,8
40601010,1302,1,0,113.1695,0,6
40601010,1303,0,0,41.33715,0,5
40601010,1303,1,0,191.3458,0,4
40601010,1304,0,0,36.8478,0,3
40601010,1304,1,0,159.823,0,4
40601011,1305,0,0,95.9437,1,1
40601011,1305,1,0,44.55282,1,1
40601011,1306,0,0,141.6545,1,4
40601011,1306,1,0,81.59954,1,4
40601012,1307,0,1,294.8378,0,3
40601012,1307,1,1,765.7432,0,2
40601012,1308,0,1,76.10132,0,4
40601012,1308,1,1,663.231,0,4
40601012,1309,0,1,111.6308,0,4
40601012,1309,1,1,898.7596,0,3
40601013,1310,0,0,85.38871,0,7
40601013,1310,1,0,68.31244,0,6
40601013,1311,0,0,70.80273,0,7
40601013,1311,1,0,45.45332,0,8
40601013,1312,0,0,400.3811,1,2
40601013,1312,1,0,103.646,1,3
40601014,1313,0,0,130.8427,0,8
40601014,1313,1,0,66.63396,0,8
40601014,1314,0,0,67.65227,0,5
40601014,1314,1,0,524.7873,0,5
40601014,1315,0,0,159.3076,0,5
40601014,1315,1,0,236.0404,0,5
40601014,1316,0,0,80.37815,1,5
40601014,1316,1,0,106.1999,1,4
40601015,1317,0,0,97.79051,0,5
40601015,1317,1,0,1011.641,0,6
40601015,1318,0,0,64.24676,0,6
40601015,1318,1,0,206.5498,0,6
40601015,1319,0,0,51.60126,1,3
40601015,1319,1,0,46.7024,1,3
40601016,1320,0,0,473.876,0,1
40601016,1320,1,0,1189.207,0,2
40601016,1321,0,0,86.28688,0,8
40601016,1321,1,0,206.0551,0,5
40601016,1322,0,0,93.70486,0,5
40601016,1322,1,0,213.5585,0,6
40601017,1323,0,1,59.15228,0,6
40601017,1323,1,1,978.7491,0,4
40601017,1324,0,1,60.49292,0,7
40601017,1324,1,1,178.9303,0,5
40601017,1325,0,1,62.87416,1,11
40601017,1325,1,1,21.65681,1,4
40601017,1326,0,1,37.73579,0,13
40601017,1326,1,1,89.91772,0,13
40601018,1327,0,0,44.17733,0,4
40601018,1327,1,0,95.22827,0,5
40601018,1328,0,0,63.84023,0,6
40601018,1328,1,0,68.04418,0,6
40601018,1329,0,0,1655.857,1,1
40601018,1329,1,0,146.1754,1,2
40601018,1330,0,0,113.7273,0,5
40601018,1330,1,0,86.53843,0,3
40601019,1331,0,1,10.73302,1,3
40601019,1331,1,1,71.89782,1,1
40601019,1332,0,1,43.83755,1,8
40601019,1332,1,1,246.2422,1,4
40601019,1333,0,1,216.223,1,1
40601019,1333,1,1,496.0169,1,1
40601020,1334,0,0,280.1561,0,4
40601020,1334,1,0,458.6972,0,3
40601020,1335,0,0,658.3481,1,1
40601020,1335,1,0,270.6922,1,1
40601020,1336,0,0,32.92371,0,7
40601020,1336,1,0,109.7476,0,3
40601020,1337,0,0,17.35992,0,7
40601020,1337,1,0,456.6531,0,13
40601021,1338,0,0,272.7266,0,2
40601021,1338,1,0,333.4667,0,3
40601021,1339,0,0,59.6337,1,7
40601021,1339,1,0,107.8059,1,9
40601021,1340,0,0,96.11103,0,8
40601021,1340,1,0,127.9415,0,7
40601021,1341,0,0,126.8695,0,6
40601021,1341,1,0,102.4503,0,6
40601022,1342,0,0,248.0885,1,5
40601022,1342,1,0,166.9714,1,6
40601022,1343,0,0,223.6268,0,7
40601022,1343,1,0,388.796,0,4
40601023,1344,0,1,30.57659,0,5
40601023,1344,1,1,12.52705,0,5
40601023,1345,0,1,36.81326,0,6
40601023,1345,1,1,46.06143,0,6
40601023,1346,0,1,303.0531,0,1
40601023,1346,1,1,877.9226,0,1
40601024,1347,0,1,179.5649,1,3
40601024,1347,1,1,143.2747,1,3
40601024,1348,0,1,17.55642,1,1
40601024,1348,1,1,45.95469,1,3
40601024,1349,0,1,196.2206,0,7
40601024,1349,1,1,1633.507,0,8
40601024,1350,0,1,341.0498,0,4
40601024,1350,1,1,107.8038,0,3
40602010,1351,0,0,344.3111,1,2
40602010,1351,1,0,8.657776,1,2
40602010,1352,0,0,143.4569,1,5
40602010,1352,1,0,172.4454,1,6
40602010,1353,0,0,425.5486,0,5
40602010,1353,1,0,29.6838,0,4
40602011,1354,0,0,210.4282,1,2
40602011,1354,1,0,55.28608,1,2
40602011,1355,0,0,604.4644,0,2
40602011,1355,1,0,432.7651,0,2
40602012,1356,0,0,17.95137,0,8
40602012,1356,1,0,214.5202,0,7
40602012,1357,0,0,45.24723,0,5
40602012,1357,1,0,168.0396,0,3
40602013,1358,0,1,16.24017,1,3
40602013,1358,1,1,7.006615,1,2
40602013,1359,0,1,214.365,0,2
40602013,1359,1,1,44.89304,0,2
40602014,1360,0,0,157.8732,0,2
40602014,1360,1,0,103.6068,0,3
40602014,1361,0,0,154.6457,1,3
40602014,1361,1,0,113.7879,1,5
40602014,1362,0,0,202.9445,0,6
40602014,1362,1,0,119.2547,0,5
40602015,1363,0,1,120.3321,0,9
40602015,1363,1,1,74.54341,0,7
40602015,1364,0,1,547.1412,0,4
40602015,1364,1,1,43.79679,0,3
40602015,1365,0,1,87.22838,1,6
40602015,1365,1,1,76.56844,1,5
40602015,1366,0,1,1035.938,0,4
40602015,1366,1,1,2340.8,0,4
40602016,1367,0,0,23.16238,0,10
40602016,1367,1,0,18.37569,0,7
40602016,1368,0,0,268.4785,0,11
40602016,1368,1,0,65.49113,0,7
40602016,1369,0,0,12.53805,0,7
40602016,1369,1,0,165.3812,0,7
40602017,1370,0,1,140.2387,1,5
40602017,1370,1,1,150.0689,1,4
40602017,1371,0,1,86.16448,0,1
40602017,1371,1,1,639.6744,0,1
40602017,1372,0,1,98.92355,1,3
40602017,1372,1,1,843.9785,1,2
40602018,1373,0,0,64.24861,0,6
40602018,1373,1,0,19.9429,0,9
40602018,1374,0,0,58.72067,0,8
40602018,1374,1,0,96.8228,0,12
40602018,1375,0,0,168.308,1,2
40602018,1375,1,0,285.3426,1,2
40602019,1376,0,0,137.9498,0,5
40602019,1376,1,0,49.41261,0,6
40602020,1377,0,0,73.88937,1,6
40602020,1377,1,0,64.31491,1,5
40602021,1378,0,0,50.66516,0,8
40602021,1378,1,0,20.49596,0,7
40602021,1379,0,0,136.1251,0,5
40602021,1379,1,0,570.869,0,5
40602021,1380,0,0,103.8381,0,8
40602021,1380,1,0,1669.885,0,5
40602022,1381,0,1,170.4437,1,2
40602022,1381,1,1,398.7401,1,2
40602022,1382,0,1,29.87129,1,5
40602022,1382,1,1,93.84616,1,3
40602022,1383,0,1,124.2715,0,2
40602022,1383,1,1,176.067,0,2
40602023,1384,0,0,141.0871,0,3
40602023,1384,1,0,64.6252,0,1
40602023,1385,0,0,147.9883,0,6
40602023,1385,1,0,1400.68,0,5
40602023,1386,0,0,119.9681,1,7
40602023,1386,1,0,562.133,1,2
40602023,1387,0,0,156.3374,1,7
40602023,1387,1,0,151.6348,1,5
40602024,1388,0,1,51.93287,1,9
40602024,1388,1,1,119.0882,1,9
40602024,1389,0,1,81.40292,0,4
40602024,1389,1,1,736.2864,0,4
40602024,1390,0,1,61.06291,0,4
40602024,1390,1,1,349.7074,0,2
40602025,1391,0,0,45.05511,0,6
40602025,1391,1,0,1751.344,0,2
40603010,1392,0,1,128.9829,0,5
40603010,1392,1,1,693.6785,0,1
40603010,1393,0,1,64.89368,0,3
40603010,1393,1,1,365.8469,0,4
40603010,1394,0,1,32.79499,0,7
40603010,1394,1,1,189.863,0,6
40603010,1395,0,1,227.7143,0,4
40603010,1395,1,1,200.1987,0,4
40603011,1396,0,1,117.2165,0,3
40603011,1396,1,1,103.3574,0,3
40603011,1397,0,1,97.06911,0,3
40603011,1397,1,1,36.19754,0,4
40603011,1398,0,1,250.7582,1,2
40603011,1398,1,1,157.7863,1,1
40603011,1399,0,1,86.56895,0,9
40603011,1399,1,1,22.15339,0,8
40603012,1400,0,1,259.6015,0,7
40603012,1400,1,1,245.8107,0,6
40603012,1401,0,1,74.99193,0,6
40603012,1401,1,1,430.2303,0,5
40603012,1402,0,1,375.0503,1,2
40603012,1402,1,1,182.172,1,2
40603013,1403,0,0,153.7689,0,2
40603013,1403,1,0,669.9882,0,2
40603013,1404,0,0,233.1019,1,1
40603013,1404,1,0,282.8586,1,1
40603014,1405,0,0,218.8923,1,2
40603014,1405,1,0,138.0297,1,2
40603014,1406,0,0,155.2039,0,3
40603014,1406,1,0,76.25027,0,4
40603014,1407,0,0,44.18396,0,6
40603014,1407,1,0,192.7863,0,6
40603014,1408,0,0,44.44075,0,9
40603014,1408,1,0,789.8011,0,7
40603015,1409,0,0,96.36596,1,4
40603015,1409,1,0,14.13751,1,2
40603015,1410,0,0,51.7099,0,6
40603015,1410,1,0,25.60228,0,6
40603015,1411,0,0,127.2315,0,3
40603015,1411,1,0,578.0096,0,3
40603015,1412,0,0,88.90966,0,3
40603015,1412,1,0,54.69344,0,3
40603015,1413,0,0,106.4557,0,4
40603015,1413,1,0,8422.562,0,1
40603016,1414,0,1,20.9493,0,7
40603016,1414,1,1,69.56821,0,7
40603016,1415,0,1,231.9468,0,2
40603016,1415,1,1,341.8882,0,1
40603016,1416,0,1,1137.193,0,1
40603016,1416,1,1,251.6148,0,1
40603017,1417,0,1,440.1768,0,2
40603017,1417,1,1,141.1053,0,3
40603017,1418,0,1,126.2558,0,4
40603017,1418,1,1,64.51884,0,4
40603017,1419,0,1,42.73066,0,4
40603017,1419,1,1,1617.767,0,5
40603017,1420,0,1,169.2005,0,2
40603017,1420,1,1,121.2106,0,4
40603018,1421,0,1,201.7474,0,3
40603018,1421,1,1,194.1321,0,4
40603018,1422,0,1,200.2099,0,2
40603018,1422,1,1,891.101,0,2
40603018,1423,0,1,104.3406,0,5
40603018,1423,1,1,327.8405,0,5
40603018,1424,0,1,120.8536,0,8
40603018,1424,1,1,419.2174,0,5
40603019,1425,0,1,38.47648,0,11
40603019,1425,1,1,155.3849,0,11
40603019,1426,0,1,208.7171,0,12
40603019,1426,1,1,173.0139,0,8
40603019,1427,0,1,134.692,1,3
40603019,1427,1,1,1320.471,1,3
40603019,1428,0,1,13.86255,1,6
40603019,1428,1,1,53.82354,1,4
40603020,1429,0,0,97.82639,0,5
40603020,1429,1,0,207.1767,0,7
40603020,1430,0,0,30.9534,1,8
40603020,1430,1,0,11.13143,1,7
40603020,1431,0,0,100.1698,1,4
40603020,1431,1,0,28.75007,1,4
40603020,1432,0,0,38.32695,0,6
40603020,1432,1,0,67.1596,0,4
40603021,1433,0,1,290.9951,1,4
40603021,1433,1,1,85.51869,1,2
40603021,1434,0,1,152.7808,0,4
40603021,1434,1,1,316.1387,0,4
40603021,1435,0,1,262.0299,0,4
40603021,1435,1,1,17.25618,0,3
50101010,1436,0,0,29.54381,0,4
50101010,1436,1,0,58.15552,0,5
50101010,1437,0,0,31.63661,1,6
50101010,1437,1,0,97.27629,1,4
50101010,1438,0,0,128.7474,1,2
50101010,1438,1,0,641.5082,1,1
50101011,1439,0,0,128.0436,1,3
50101011,1439,1,0,44.44325,1,3
50101011,1440,0,0,40.02161,0,6
50101011,1440,1,0,106.2992,0,7
50101012,1441,0,0,37.48603,0,7
50101012,1441,1,0,121.2089,0,7
50101012,1442,0,0,20.791,1,7
50101012,1442,1,0,66.04646,1,5
50101012,1443,0,0,54.46254,0,5
50101012,1443,1,0,453.1727,0,4
50101013,1444,0,0,41.25208,0,6
50101013,1444,1,0,266.8588,0,6
50101013,1445,0,0,240.2798,0,3
50101013,1445,1,0,200.857,0,3
50101013,1446,0,0,113.1276,1,1
50101013,1446,1,0,4.78754,1,1
50101017,1447,0,0,169.8517,1,2
50101017,1447,1,0,222.6285,1,1
50101017,1448,0,0,33.29121,0,11
50101017,1448,1,0,5.300679,0,7
50101017,1449,0,0,460.4105,0,6
50101017,1449,1,0,1723.722,0,3
50101018,1450,0,0,100.473,1,2
50101018,1450,1,0,242.6651,1,2
50101018,1451,0,0,218.3748,0,3
50101018,1451,1,0,137.906,0,6
50101018,1452,0,0,371.4645,1,1
50101018,1452,1,0,98.94601,1,1
50101018,1453,0,0,122.642,0,6
50101018,1453,1,0,1019.639,0,5
50101019,1454,0,1,153.2941,0,9
50101019,1454,1,1,382.8716,0,7
50101019,1455,0,1,110.2986,0,4
50101019,1455,1,1,23.50294,0,5
50101019,1456,0,1,577.0595,1,5
50101019,1456,1,1,461.7741,1,5
50101020,1457,0,1,30.84407,0,5
50101020,1457,1,1,72.20634,0,5
50101020,1458,0,1,93.56406,1,2
50101020,1458,1,1,96.05431,1,2
50101020,1459,0,1,18.47155,1,10
50101020,1459,1,1,351.9944,1,7
50101020,1460,0,1,296.8007,0,3
50101020,1460,1,1,613.1956,0,3
50101021,1461,0,1,81.0841,0,6
50101021,1461,1,1,107.5815,0,5
50101021,1462,0,1,170.2063,0,2
50101021,1462,1,1,178.6285,0,2
50101021,1463,0,1,65.27957,0,4
50101021,1463,1,1,2779.819,0,5
50101022,1464,0,0,329.5565,1,1
50101022,1464,1,0,60.27489,1,2
50101022,1465,0,0,43.1273,1,6
50101022,1465,1,0,580.5812,1,4
50101022,1466,0,0,19.03613,0,9
50101022,1466,1,0,235.7183,0,7
50101022,1467,0,0,466.1138,0,1
50101022,1467,1,0,1548.645,0,1
50103010,1468,0,0,21.55973,0,6
50103010,1468,1,0,35.76898,0,5
50103010,1469,0,0,299.3679,0,3
50103010,1469,1,0,51.63401,0,3
50103010,1470,0,0,176.2217,0,3
50103010,1470,1,0,1.6491,0,3
50103011,1471,0,1,74.99268,1,2
50103011,1471,1,1,703.2093,1,2
50103011,1472,0,1,35.01697,1,6
50103011,1472,1,1,4.368516,1,4
50103011,1473,0,1,259.1929,0,5
50103011,1473,1,1,175.1046,0,3
50103012,1474,0,0,167.771,0,2
50103012,1474,1,0,463.9331,0,2
50103013,1475,0,0,10.5619,0,6
50103013,1475,1,0,87.36108,0,6
50103013,1476,0,0,47.67802,0,5
50103013,1476,1,0,73.59109,0,4
50103014,1477,0,1,47.28019,0,4
50103014,1477,1,1,254.1369,0,4
50103014,1478,0,1,289.1828,0,6
50103014,1478,1,1,141.2176,0,4
50103014,1479,0,1,24.79107,0,6
50103014,1479,1,1,118.1869,0,6
50103014,1480,0,1,181.8563,1,3
50103014,1480,1,1,932.7715,1,2
50103015,1481,0,1,27.50035,0,5
50103015,1481,1,1,166.63,0,6
50103015,1482,0,1,68.87312,0,5
50103015,1482,1,1,1319.559,0,5
50103016,1483,0,0,690.6253,1,6
50103016,1483,1,0,392.3209,1,1
50103016,1484,0,0,564.2911,0,1
50103016,1484,1,0,65.18069,0,2
50103016,1485,0,0,215.4202,0,6
50103016,1485,1,0,120.5904,0,4
50103017,1486,0,1,281.4209,1,1
50103017,1486,1,1,89.49357,1,2
50103018,1487,0,0,56.09755,1,2
50103018,1487,1,0,154.8469,1,2
50103018,1488,0,0,100.762,0,3
50103018,1488,1,0,483.5986,0,3
50103019,1489,0,1,53.99917,1,4
50103019,1489,1,1,101.5402,1,8
50103019,1490,0,1,275.25,0,2
50103019,1490,1,1,12.80732,0,2
50103019,1491,0,1,60.8271,0,7
50103019,1491,1,1,40.91603,0,4
50103020,1492,0,1,108.1721,0,7
50103020,1492,1,1,348.8311,0,4
50103020,1493,0,1,11.69034,0,9
50103020,1493,1,1,131.8181,0,9
50103021,1494,0,1,81.90886,0,4
50103021,1494,1,1,142.9028,0,4
50103021,1495,0,1,20.40899,0,7
50103021,1495,1,1,556.8774,0,6
50103021,1496,0,1,50.568,0,10
50103021,1496,1,1,224.7541,0,7
50103021,1497,0,1,32.22161,0,5
50103021,1497,1,1,405.4125,0,5
50103022,1498,0,1,35.42494,0,7
50103022,1498,1,1,45.29224,0,6
50103022,1499,0,1,306.3533,0,4
50103022,1499,1,1,136.1621,0,4
50103022,1500,0,1,141.8212,1,1
50103022,1500,1,1,156.9482,1,1
